PRAGMA foreign_keys=OFF;
BEGIN TRANSACTION;
CREATE TABLE "django_migrations" ("id" integer NOT NULL PRIMARY KEY AUTOINCREMENT, "app" varchar(255) NOT NULL, "name" varchar(255) NOT NULL, "applied" datetime NOT NULL);
INSERT INTO "django_migrations" VALUES(1,'contenttypes','0001_initial','2016-08-23 01:42:21.202887');
INSERT INTO "django_migrations" VALUES(2,'auth','0001_initial','2016-08-23 01:42:21.234218');
INSERT INTO "django_migrations" VALUES(3,'admin','0001_initial','2016-08-23 01:42:21.251557');
INSERT INTO "django_migrations" VALUES(4,'admin','0002_logentry_remove_auto_add','2016-08-23 01:42:21.271950');
INSERT INTO "django_migrations" VALUES(5,'contenttypes','0002_remove_content_type_name','2016-08-23 01:42:21.310066');
INSERT INTO "django_migrations" VALUES(6,'auth','0002_alter_permission_name_max_length','2016-08-23 01:42:21.328944');
INSERT INTO "django_migrations" VALUES(7,'auth','0003_alter_user_email_max_length','2016-08-23 01:42:21.347147');
INSERT INTO "django_migrations" VALUES(8,'auth','0004_alter_user_username_opts','2016-08-23 01:42:21.366855');
INSERT INTO "django_migrations" VALUES(9,'auth','0005_alter_user_last_login_null','2016-08-23 01:42:21.403134');
INSERT INTO "django_migrations" VALUES(10,'auth','0006_require_contenttypes_0002','2016-08-23 01:42:21.406592');
INSERT INTO "django_migrations" VALUES(11,'auth','0007_alter_validators_add_error_messages','2016-08-23 01:42:21.427609');
INSERT INTO "django_migrations" VALUES(12,'auth','0008_alter_user_username_max_length','2016-08-23 01:42:21.447464');
INSERT INTO "django_migrations" VALUES(13,'sessions','0001_initial','2016-08-23 01:42:21.455389');
INSERT INTO "django_migrations" VALUES(14,'daily_digest','0001_initial','2016-08-23 02:41:28.043866');
INSERT INTO "django_migrations" VALUES(15,'daily_digest','0002_auto_20160822_2215','2016-08-23 03:16:07.885408');
INSERT INTO "django_migrations" VALUES(16,'daily_digest','0003_auto_20160823_2018','2016-08-24 01:18:50.561536');
INSERT INTO "django_migrations" VALUES(17,'daily_digest','0004_quote_date_last_served','2016-09-07 22:58:42.068124');
INSERT INTO "django_migrations" VALUES(18,'daily_digest','0005_exercise','2016-09-09 01:45:40.042313');
INSERT INTO "django_migrations" VALUES(19,'daily_digest','0006_auto_20160908_2056','2016-09-09 01:56:39.252680');
CREATE TABLE "auth_group" ("id" integer NOT NULL PRIMARY KEY AUTOINCREMENT, "name" varchar(80) NOT NULL UNIQUE);
CREATE TABLE "auth_group_permissions" ("id" integer NOT NULL PRIMARY KEY AUTOINCREMENT, "group_id" integer NOT NULL REFERENCES "auth_group" ("id"), "permission_id" integer NOT NULL REFERENCES "auth_permission" ("id"));
CREATE TABLE "auth_user_groups" ("id" integer NOT NULL PRIMARY KEY AUTOINCREMENT, "user_id" integer NOT NULL REFERENCES "auth_user" ("id"), "group_id" integer NOT NULL REFERENCES "auth_group" ("id"));
CREATE TABLE "auth_user_user_permissions" ("id" integer NOT NULL PRIMARY KEY AUTOINCREMENT, "user_id" integer NOT NULL REFERENCES "auth_user" ("id"), "permission_id" integer NOT NULL REFERENCES "auth_permission" ("id"));
CREATE TABLE "django_admin_log" ("id" integer NOT NULL PRIMARY KEY AUTOINCREMENT, "object_id" text NULL, "object_repr" varchar(200) NOT NULL, "action_flag" smallint unsigned NOT NULL, "change_message" text NOT NULL, "content_type_id" integer NULL REFERENCES "django_content_type" ("id"), "user_id" integer NOT NULL REFERENCES "auth_user" ("id"), "action_time" datetime NOT NULL);
INSERT INTO "django_admin_log" VALUES(1,'1','Our greatest glory is not in never falling, but in rising every time we fall.',1,'[{"added": {}}]',7,1,'2016-08-23 03:09:38.984821');
INSERT INTO "django_admin_log" VALUES(2,'1','Confucious',1,'[{"added": {}}]',8,1,'2016-08-23 03:16:42.141824');
INSERT INTO "django_admin_log" VALUES(3,'1','Our greatest glory is not in never falling, but in rising every time we fall.',2,'[{"changed": {"fields": ["quote_author_id"]}}]',7,1,'2016-08-23 03:18:47.654448');
INSERT INTO "django_admin_log" VALUES(4,'2','I hear and I forget. I see and I remember. I do and I understand.',1,'[{"added": {}}]',7,1,'2016-08-23 03:19:12.869117');
INSERT INTO "django_admin_log" VALUES(5,'2','Albert Einstein',1,'[{"added": {}}]',8,1,'2016-08-23 03:20:25.439043');
INSERT INTO "django_admin_log" VALUES(6,'3','Peace cannot be kept by force; it can only be achieved by understanding.',1,'[{"added": {}}]',7,1,'2016-08-23 03:20:55.716335');
INSERT INTO "django_admin_log" VALUES(7,'3','Ludwig Börne',1,'[{"added": {}}]',8,1,'2016-08-24 01:52:27.799582');
INSERT INTO "django_admin_log" VALUES(8,'4','Desmond Tutu',1,'[{"added": {}}]',8,1,'2016-08-24 01:53:14.764342');
INSERT INTO "django_admin_log" VALUES(9,'4','All of our humanity is dependent upon recognizing the humanity in others.',1,'[{"added": {}}]',7,1,'2016-08-24 01:53:46.184671');
INSERT INTO "django_admin_log" VALUES(10,'5','Losing an illusion makes you wiser than finding a truth.',1,'[{"added": {}}]',7,1,'2016-08-24 01:54:27.173125');
INSERT INTO "django_admin_log" VALUES(11,'6','I hear and I forget. I see and I remember. I do and I understand.',1,'[{"added": {}}]',7,1,'2016-08-24 01:55:26.205257');
INSERT INTO "django_admin_log" VALUES(12,'5','John Maynard Keynes',1,'[{"added": {}}]',8,1,'2016-08-31 01:31:03.355784');
INSERT INTO "django_admin_log" VALUES(13,'7','The difficulty lies not in the new ideas but in escaping from the old ones.',1,'[{"added": {}}]',7,1,'2016-08-31 01:43:46.889478');
INSERT INTO "django_admin_log" VALUES(14,'5','Losing an illusion makes you wiser than finding a truth.',2,'[{"changed": {"fields": ["times_served"]}}]',7,1,'2016-08-31 01:44:01.884789');
INSERT INTO "django_admin_log" VALUES(15,'4','All of our humanity is dependent upon recognizing the humanity in others.',2,'[{"changed": {"fields": ["times_served"]}}]',7,1,'2016-08-31 01:44:10.006639');
INSERT INTO "django_admin_log" VALUES(16,'3','Peace cannot be kept by force; it can only be achieved by understanding.',2,'[{"changed": {"fields": ["times_served"]}}]',7,1,'2016-08-31 01:44:18.265918');
INSERT INTO "django_admin_log" VALUES(17,'2','I hear and I forget. I see and I remember. I do and I understand.',2,'[{"changed": {"fields": ["times_served"]}}]',7,1,'2016-08-31 01:44:25.766594');
INSERT INTO "django_admin_log" VALUES(18,'1','Our greatest glory is not in never falling, but in rising every time we fall.',2,'[{"changed": {"fields": ["times_served"]}}]',7,1,'2016-08-31 01:44:33.198011');
INSERT INTO "django_admin_log" VALUES(19,'6','Maximilien Robespierre',1,'[{"added": {}}]',8,1,'2016-08-31 01:45:26.499209');
INSERT INTO "django_admin_log" VALUES(20,'8','Knowledge of the past, gives men the courage to face the future.',1,'[{"added": {}}]',7,1,'2016-08-31 01:46:06.045203');
INSERT INTO "django_admin_log" VALUES(21,'6','I hear and I forget. I see and I remember. I do and I understand.',3,'',7,1,'2016-08-31 01:50:39.076685');
INSERT INTO "django_admin_log" VALUES(22,'7','Richard Francis Burton',1,'[{"added": {}}]',8,1,'2016-08-31 01:54:30.594742');
INSERT INTO "django_admin_log" VALUES(23,'9','Is not man born with a love of change?',1,'[{"added": {}}]',7,1,'2016-08-31 01:55:06.443652');
INSERT INTO "django_admin_log" VALUES(24,'8','Charles Darwin',1,'[{"added": {}}]',8,1,'2016-08-31 01:56:36.212864');
INSERT INTO "django_admin_log" VALUES(25,'10','It is not the strongest of the species who will survive, nor will it be the most intelligent, but rather those most responsive to change.',1,'[{"added": {}}]',7,1,'2016-08-31 01:57:12.065706');
INSERT INTO "django_admin_log" VALUES(26,'9','Arlen Specter',1,'[{"added": {}}]',8,1,'2016-08-31 01:57:55.862048');
INSERT INTO "django_admin_log" VALUES(27,'11','There''s nothing more important than our good health - that''s our principal capital asset.',1,'[{"added": {}}]',7,1,'2016-08-31 01:58:23.868800');
INSERT INTO "django_admin_log" VALUES(28,'10','Abraham Lincoln',1,'[{"added": {}}]',8,1,'2016-08-31 01:59:26.923301');
INSERT INTO "django_admin_log" VALUES(29,'12','Most folks are as happy as they make up their minds to be.',1,'[{"added": {}}]',7,1,'2016-08-31 01:59:53.397011');
INSERT INTO "django_admin_log" VALUES(30,'11','Jim Rohn',1,'[{"added": {}}]',8,1,'2016-08-31 02:00:57.222093');
INSERT INTO "django_admin_log" VALUES(31,'13','Either you run the day or the day runs you.',1,'[{"added": {}}]',7,1,'2016-08-31 02:01:22.384107');
INSERT INTO "django_admin_log" VALUES(32,'12','Mark Twain',1,'[{"added": {}}]',8,1,'2016-08-31 02:02:08.146945');
INSERT INTO "django_admin_log" VALUES(33,'14','The secret of getting ahead is getting started.',1,'[{"added": {}}]',7,1,'2016-08-31 02:02:34.782016');
INSERT INTO "django_admin_log" VALUES(34,'13','Thomas Aquinas',1,'[{"added": {}}]',8,1,'2016-08-31 02:03:27.682908');
INSERT INTO "django_admin_log" VALUES(35,'15','There is nothing on this earth more to be prized than true friendship.',1,'[{"added": {}}]',7,1,'2016-08-31 02:03:58.036496');
INSERT INTO "django_admin_log" VALUES(36,'14','Dalai Lama',1,'[{"added": {}}]',8,1,'2016-08-31 02:05:27.414654');
INSERT INTO "django_admin_log" VALUES(37,'16','Happiness is not something ready made. It comes from your own actions.',1,'[{"added": {}}]',7,1,'2016-08-31 02:05:51.538472');
INSERT INTO "django_admin_log" VALUES(38,'15','Ingrid Bergman',1,'[{"added": {}}]',8,1,'2016-08-31 02:06:31.416821');
INSERT INTO "django_admin_log" VALUES(39,'17','Happiness is good health and a bad memory.',1,'[{"added": {}}]',7,1,'2016-08-31 02:06:58.724943');
INSERT INTO "django_admin_log" VALUES(40,'16','Kahlil Gibran',1,'[{"added": {}}]',8,1,'2016-08-31 02:07:59.808982');
INSERT INTO "django_admin_log" VALUES(41,'18','Friendship is always a sweet responsibility, never an opportunity.',1,'[{"added": {}}]',7,1,'2016-08-31 02:08:26.909743');
INSERT INTO "django_admin_log" VALUES(42,'17','Marcus Aurelius',1,'[{"added": {}}]',8,1,'2016-08-31 03:47:35.878729');
INSERT INTO "django_admin_log" VALUES(43,'19','Very little is needed to make a happy life; it is all within yourself, in your way of thinking.',1,'[{"added": {}}]',7,1,'2016-08-31 03:48:14.735854');
INSERT INTO "django_admin_log" VALUES(44,'18','Cesare Pavese',1,'[{"added": {}}]',8,1,'2016-08-31 03:49:02.785866');
INSERT INTO "django_admin_log" VALUES(45,'20','We do not remember days, we remember moments.',1,'[{"added": {}}]',7,1,'2016-08-31 03:49:24.730442');
INSERT INTO "django_admin_log" VALUES(46,'19','Walt Disney',1,'[{"added": {}}]',8,1,'2016-08-31 03:50:16.191755');
INSERT INTO "django_admin_log" VALUES(47,'21','If you can dream it, you can do it.',1,'[{"added": {}}]',7,1,'2016-08-31 03:50:37.319845');
INSERT INTO "django_admin_log" VALUES(48,'20','Buddha',1,'[{"added": {}}]',8,1,'2016-08-31 03:58:24.978563');
INSERT INTO "django_admin_log" VALUES(49,'22','Do not dwell in the past, do not dream of the future, concentrate the mind on the present moment.',1,'[{"added": {}}]',7,1,'2016-08-31 03:58:49.307248');
INSERT INTO "django_admin_log" VALUES(50,'21','Ralph Waldo Emerson',1,'[{"added": {}}]',8,1,'2016-08-31 03:59:44.749523');
INSERT INTO "django_admin_log" VALUES(51,'23','The only way to have a friend is to be one.',1,'[{"added": {}}]',7,1,'2016-08-31 04:00:22.891211');
INSERT INTO "django_admin_log" VALUES(52,'22','Thomas Edison',1,'[{"added": {}}]',8,1,'2016-08-31 04:00:59.437738');
INSERT INTO "django_admin_log" VALUES(53,'24','Our greatest weakness lies in giving up. The most certain way to succeed is always to try just one more time.',1,'[{"added": {}}]',7,1,'2016-08-31 04:01:24.503310');
INSERT INTO "django_admin_log" VALUES(54,'25','It does not matter how slowly you go as long as you do not stop.',1,'[{"added": {}}]',7,1,'2016-08-31 04:01:50.821370');
INSERT INTO "django_admin_log" VALUES(55,'26','Nature is a mutable cloud which is always and never the same.',1,'[{"added": {}}]',7,1,'2016-08-31 04:02:34.510721');
INSERT INTO "django_admin_log" VALUES(56,'27','The purpose of our lives is to be happy.',1,'[{"added": {}}]',7,1,'2016-08-31 04:02:59.267532');
INSERT INTO "django_admin_log" VALUES(57,'28','Peace cannot be kept by force; it can only be achieved by understanding.',1,'[{"added": {}}]',7,1,'2016-08-31 04:03:36.786969');
INSERT INTO "django_admin_log" VALUES(58,'23','Baltasar Gracián',1,'[{"added": {}}]',8,1,'2016-08-31 04:04:18.415298');
INSERT INTO "django_admin_log" VALUES(59,'29','Never do anything when you are in a temper, for you will do everything wrong.',1,'[{"added": {}}]',7,1,'2016-08-31 04:04:44.588871');
INSERT INTO "django_admin_log" VALUES(60,'30','We get paid for bringing value to the marketplace. It takes time to bring value to the marketplace, but we get paid for the value, not the time.',1,'[{"added": {}}]',7,1,'2016-08-31 04:05:17.546277');
INSERT INTO "django_admin_log" VALUES(61,'24','Heinz von Förster',1,'[{"added": {}}]',8,1,'2016-08-31 04:06:19.804285');
INSERT INTO "django_admin_log" VALUES(62,'31','Always act in a way that increases the options.',1,'[{"added": {}}]',7,1,'2016-08-31 04:06:45.050879');
INSERT INTO "django_admin_log" VALUES(63,'25','Arthur Schopenhauer',1,'[{"added": {}}]',8,1,'2016-08-31 04:07:27.720859');
INSERT INTO "django_admin_log" VALUES(64,'32','All truth passes through three stages. First, it is ridiculed. Second, it is violently opposed. Third, it is accepted as being self-evident.',1,'[{"added": {}}]',7,1,'2016-08-31 04:07:56.430974');
INSERT INTO "django_admin_log" VALUES(65,'26','Friedrich Nietzsche',1,'[{"added": {}}]',8,1,'2016-08-31 04:08:59.807222');
INSERT INTO "django_admin_log" VALUES(66,'33','You have your way. I have my way. As for the right way, the correct way, and the only way, it does not exist.',1,'[{"added": {}}]',7,1,'2016-08-31 04:09:29.692179');
INSERT INTO "django_admin_log" VALUES(67,'27','Robert A. Heinlein',1,'[{"added": {}}]',8,1,'2016-08-31 04:10:33.541143');
INSERT INTO "django_admin_log" VALUES(68,'34','A human being should be able to change a diaper, plan an invasion, butcher a hog, conn a ship, design a building, write a sonnet, balance accounts, build a wall, set a bone, comfort the dying, take or',1,'[{"added": {}}]',7,1,'2016-08-31 04:11:03.517390');
INSERT INTO "django_admin_log" VALUES(69,'28','Henry David Thoreau',1,'[{"added": {}}]',8,1,'2016-08-31 04:12:25.436580');
INSERT INTO "django_admin_log" VALUES(70,'35','The language of friendship is not words but meanings.',1,'[{"added": {}}]',7,1,'2016-08-31 04:12:59.651031');
INSERT INTO "django_admin_log" VALUES(71,'29','Christopher Hitchens',1,'[{"added": {}}]',8,1,'2016-08-31 04:13:49.257125');
INSERT INTO "django_admin_log" VALUES(72,'36','What can be asserted without evidence can be dismissed without evidence.',1,'[{"added": {}}]',7,1,'2016-08-31 04:14:33.752300');
INSERT INTO "django_admin_log" VALUES(73,'30','Yogi Berra',1,'[{"added": {}}]',8,1,'2016-08-31 04:15:43.579908');
INSERT INTO "django_admin_log" VALUES(74,'37','Always go to other people''s funerals, otherwise they won''t come to yours.',1,'[{"added": {}}]',7,1,'2016-08-31 04:16:05.921459');
INSERT INTO "django_admin_log" VALUES(75,'38','There can be no progress without head-on confrontation.',1,'[{"added": {}}]',7,1,'2016-08-31 04:16:50.012504');
INSERT INTO "django_admin_log" VALUES(76,'39','Discontent is the first necessity of progress.',1,'[{"added": {}}]',7,1,'2016-08-31 04:17:27.585532');
INSERT INTO "django_admin_log" VALUES(77,'40','Life is really simple, but we insist on making it complicated.',1,'[{"added": {}}]',7,1,'2016-08-31 04:17:59.986862');
INSERT INTO "django_admin_log" VALUES(78,'31','Aristotle',1,'[{"added": {}}]',8,1,'2016-08-31 04:18:40.533112');
INSERT INTO "django_admin_log" VALUES(79,'41','It is the mark of an educated mind to be able to entertain a thought without accepting it.',1,'[{"added": {}}]',7,1,'2016-08-31 04:19:12.922446');
INSERT INTO "django_admin_log" VALUES(80,'42','Great spirits have always encountered violent opposition from mediocre minds.',1,'[{"added": {}}]',7,1,'2016-08-31 04:20:05.520822');
INSERT INTO "django_admin_log" VALUES(81,'32','Socrates',1,'[{"added": {}}]',8,1,'2016-08-31 04:20:56.463538');
INSERT INTO "django_admin_log" VALUES(82,'43','It is a shame for a man to grow old without seeing the beauty and strength of which his body is capable.',1,'[{"added": {}}]',7,1,'2016-08-31 04:21:44.420541');
INSERT INTO "django_admin_log" VALUES(83,'44','Happiness depends upon ourselves.',1,'[{"added": {}}]',7,1,'2016-08-31 04:23:10.214704');
INSERT INTO "django_admin_log" VALUES(84,'33','Leonardo da Vinci',1,'[{"added": {}}]',8,1,'2016-08-31 04:23:56.320607');
INSERT INTO "django_admin_log" VALUES(85,'45','Simplicity is the ultimate sophistication.',1,'[{"added": {}}]',7,1,'2016-08-31 04:24:22.349399');
INSERT INTO "django_admin_log" VALUES(86,'34','Voltaire',1,'[{"added": {}}]',8,1,'2016-08-31 04:25:00.916548');
INSERT INTO "django_admin_log" VALUES(87,'46','It is dangerous to be right in matters on which the established authorities are wrong.',1,'[{"added": {}}]',7,1,'2016-08-31 04:25:35.080996');
INSERT INTO "django_admin_log" VALUES(88,'47','To enjoy good health, to bring true happiness to one''s family, to bring peace to all, one must first discipline and control one''s own mind. If a man can control his mind he can find the way to Enlight',1,'[{"added": {}}]',7,1,'2016-08-31 04:26:17.099573');
INSERT INTO "django_admin_log" VALUES(89,'48','Silence is a true friend who never betrays.',1,'[{"added": {}}]',7,1,'2016-08-31 04:26:44.420914');
INSERT INTO "django_admin_log" VALUES(90,'49','To find yourself, think for yourself.',1,'[{"added": {}}]',7,1,'2016-08-31 04:27:07.535491');
INSERT INTO "django_admin_log" VALUES(91,'50','The noblest pleasure is the joy of understanding.',1,'[{"added": {}}]',7,1,'2016-08-31 04:27:41.769414');
INSERT INTO "django_admin_log" VALUES(92,'51','Think for yourselves and let others enjoy the privilege to do so, too.',1,'[{"added": {}}]',7,1,'2016-08-31 04:28:06.465267');
INSERT INTO "django_admin_log" VALUES(93,'52','Our greatest glory is not in never falling, but in rising every time we fall.',1,'[{"added": {}}]',7,1,'2016-08-31 23:15:50.438966');
INSERT INTO "django_admin_log" VALUES(94,'53','I hear and I forget. I see and I remember. I do and I understand.',1,'[{"added": {}}]',7,1,'2016-08-31 23:17:30.268222');
INSERT INTO "django_admin_log" VALUES(95,'54','Wheresoever you go, go with all your heart.',1,'[{"added": {}}]',7,1,'2016-08-31 23:17:58.215476');
INSERT INTO "django_admin_log" VALUES(96,'55','Before you embark on a journey of revenge, dig two graves.',1,'[{"added": {}}]',7,1,'2016-08-31 23:18:40.299722');
INSERT INTO "django_admin_log" VALUES(97,'56','When it is obvious that the goals cannot be reached, don''t adjust the goals, adjust the action steps.',1,'[{"added": {}}]',7,1,'2016-08-31 23:18:58.478244');
INSERT INTO "django_admin_log" VALUES(98,'57','When anger rises, think of the consequences.',1,'[{"added": {}}]',7,1,'2016-08-31 23:19:21.300633');
INSERT INTO "django_admin_log" VALUES(99,'58','Respect yourself and others will respect you.',1,'[{"added": {}}]',7,1,'2016-08-31 23:19:40.348633');
INSERT INTO "django_admin_log" VALUES(100,'59','Real knowledge is to know the extent of one''s ignorance.',1,'[{"added": {}}]',7,1,'2016-08-31 23:19:56.874962');
INSERT INTO "django_admin_log" VALUES(101,'60','Learn as though you would never be able to master it; hold it as though you would be in fear of losing it.',1,'[{"added": {}}]',7,1,'2016-08-31 23:20:14.174910');
INSERT INTO "django_admin_log" VALUES(102,'61','Forget injuries, never forget kindnesses.',1,'[{"added": {}}]',7,1,'2016-08-31 23:20:32.045145');
INSERT INTO "django_admin_log" VALUES(103,'62','By three methods we may learn wisdom: First, by reflection, which is noblest; Second, by imitation, which is easiest; and third by experience, which is the bitterest.',1,'[{"added": {}}]',7,1,'2016-08-31 23:21:10.580554');
INSERT INTO "django_admin_log" VALUES(104,'35','John Ruskin',1,'[{"added": {}}]',8,1,'2016-08-31 23:22:08.823059');
INSERT INTO "django_admin_log" VALUES(105,'36','René Descartes',1,'[{"added": {}}]',8,1,'2016-08-31 23:22:32.887713');
INSERT INTO "django_admin_log" VALUES(106,'63','True wisdom comes to each of us when we realize how little we understand about life, ourselves, and the world around us.',1,'[{"added": {}}]',7,1,'2016-08-31 23:23:03.229450');
INSERT INTO "django_admin_log" VALUES(107,'64','A little thought and a little kindness is often worth more than a great deal of money.',1,'[{"added": {}}]',7,1,'2016-08-31 23:23:25.341683');
INSERT INTO "django_admin_log" VALUES(108,'65','The greatest minds are capable of the greatest vices as well as of the greatest virtues.',1,'[{"added": {}}]',7,1,'2016-08-31 23:24:02.768092');
INSERT INTO "django_admin_log" VALUES(109,'4','All of our humanity is dependent upon recognizing the humanity in others.',2,'[{"changed": {"fields": ["times_served"]}}]',7,1,'2016-08-31 23:27:07.244588');
INSERT INTO "django_admin_log" VALUES(110,'66','Prejudices are what fools use for reason.',1,'[{"added": {}}]',7,1,'2016-08-31 23:27:59.500910');
INSERT INTO "django_admin_log" VALUES(111,'67','Every man is guilty of all the good he did not do.',1,'[{"added": {}}]',7,1,'2016-08-31 23:28:20.262495');
INSERT INTO "django_admin_log" VALUES(112,'37','Sun Tzu',1,'[{"added": {}}]',8,1,'2016-09-01 15:18:39.894718');
INSERT INTO "django_admin_log" VALUES(113,'68','Courage, above all things, is the first quality of a warrior.',1,'[{"added": {}}]',7,1,'2016-09-01 15:19:32.221820');
INSERT INTO "django_admin_log" VALUES(114,'38','Alvin Toffler',1,'[{"added": {}}]',8,1,'2016-09-01 16:53:43.590575');
INSERT INTO "django_admin_log" VALUES(115,'69','The illiterate of the 21st century will not be those who cannot read and write, but those who cannot learn, unlearn, and relearn.',1,'[{"added": {}}]',7,1,'2016-09-01 16:54:20.678779');
INSERT INTO "django_admin_log" VALUES(116,'39','Aristotle',1,'[{"added": {}}]',8,1,'2016-09-02 17:21:21.149619');
INSERT INTO "django_admin_log" VALUES(117,'40','Plato',1,'[{"added": {}}]',8,1,'2016-09-02 17:21:43.632037');
INSERT INTO "django_admin_log" VALUES(118,'70','We are what we repeatedly do. Excellence, then, is not an act, but a habit.',1,'[{"added": {}}]',7,1,'2016-09-02 17:22:14.932448');
INSERT INTO "django_admin_log" VALUES(119,'71','We can easily forgive a child who is afraid of the dark; the real tragedy of life is when men are afraid of the light.',1,'[{"added": {}}]',7,1,'2016-09-02 17:22:49.870520');
INSERT INTO "django_admin_log" VALUES(120,'41','Baruch Spinoza',1,'[{"added": {}}]',8,1,'2016-09-02 17:23:59.014346');
INSERT INTO "django_admin_log" VALUES(121,'72','The highest activity a human being can attain is learning for understanding, because to understand is to be free.',1,'[{"added": {}}]',7,1,'2016-09-02 17:24:32.812299');
INSERT INTO "django_admin_log" VALUES(122,'42','Isaac Newton',1,'[{"added": {}}]',8,1,'2016-09-02 17:26:03.515545');
INSERT INTO "django_admin_log" VALUES(123,'73','Tact is the knack of making a point without making an enemy.',1,'[{"added": {}}]',7,1,'2016-09-02 17:26:35.049180');
INSERT INTO "django_admin_log" VALUES(124,'43','Jean-Jacques Rousseau',1,'[{"added": {}}]',8,1,'2016-09-02 17:28:26.735150');
INSERT INTO "django_admin_log" VALUES(125,'74','Insults are the arguments employed by those who are in the wrong.',1,'[{"added": {}}]',7,1,'2016-09-02 17:28:50.509382');
INSERT INTO "django_admin_log" VALUES(126,'44','Will Durant',1,'[{"added": {}}]',8,1,'2016-09-02 21:16:40.802461');
INSERT INTO "django_admin_log" VALUES(127,'75','Education is a progressive discovery of our own ignorance.',1,'[{"added": {}}]',7,1,'2016-09-02 21:17:14.541935');
INSERT INTO "django_admin_log" VALUES(128,'45','Pablo Picasso',1,'[{"added": {}}]',8,1,'2016-09-02 21:18:04.838937');
INSERT INTO "django_admin_log" VALUES(129,'76','Action is the foundational key to all success.',1,'[{"added": {}}]',7,1,'2016-09-02 21:18:49.801270');
INSERT INTO "django_admin_log" VALUES(130,'46','Ovid',1,'[{"added": {}}]',8,1,'2016-09-02 21:20:15.727795');
INSERT INTO "django_admin_log" VALUES(131,'77','If you want to be loved, be lovable.',1,'[{"added": {}}]',7,1,'2016-09-02 21:20:49.110345');
INSERT INTO "django_admin_log" VALUES(132,'47','Hippocrates',1,'[{"added": {}}]',8,1,'2016-09-02 21:24:38.731825');
INSERT INTO "django_admin_log" VALUES(133,'78','Let food be thy medicine and medicine be thy food.',1,'[{"added": {}}]',7,1,'2016-09-02 21:25:09.366882');
INSERT INTO "django_admin_log" VALUES(134,'48','Mark Watney',1,'[{"added": {}}]',8,1,'2016-09-07 21:38:04.144004');
INSERT INTO "django_admin_log" VALUES(135,'79','At some point, everything''s going to go south on you.  You''re going to say, "This is it.  This is how I end."  Now, you can either accept that or you can get to work.

You solve one problem, then yo',1,'[{"added": {}}]',7,1,'2016-09-07 21:40:16.424306');
INSERT INTO "django_admin_log" VALUES(136,'49','Montesquieu',1,'[{"added": {}}]',8,1,'2016-09-07 21:43:56.871350');
INSERT INTO "django_admin_log" VALUES(137,'80','The tyranny of a prince in an oligarchy is not so dangerous to the public welfare as the apathy of a citizen in a democracy.',1,'[{"added": {}}]',7,1,'2016-09-07 21:44:25.981813');
INSERT INTO "django_admin_log" VALUES(138,'50','Niccolò Machiavelli',1,'[{"added": {}}]',8,1,'2016-09-07 21:45:16.352903');
INSERT INTO "django_admin_log" VALUES(139,'81','The first method for estimating the intelligence of a ruler is to look at the men he has around him.',1,'[{"added": {}}]',7,1,'2016-09-07 21:45:47.647796');
INSERT INTO "django_admin_log" VALUES(140,'82','Art is never finished, only abandoned.',1,'[{"added": {}}]',7,1,'2016-09-07 21:46:33.164525');
INSERT INTO "django_admin_log" VALUES(141,'83','Everything you can imagine is real.',1,'[{"added": {}}]',7,1,'2016-09-07 21:47:17.048652');
INSERT INTO "django_admin_log" VALUES(142,'84','Action is the foundational key to all success.',1,'[{"added": {}}]',7,1,'2016-09-07 21:47:41.108627');
INSERT INTO "django_admin_log" VALUES(143,'51','Michelangelo',1,'[{"added": {}}]',8,1,'2016-09-07 21:48:37.556787');
INSERT INTO "django_admin_log" VALUES(144,'85','I saw the angel in the marble and carved until I set him free.',1,'[{"added": {}}]',7,1,'2016-09-07 21:49:03.210235');
INSERT INTO "django_admin_log" VALUES(145,'86','When you come to a fork in the road, take it.',1,'[{"added": {}}]',7,1,'2016-09-07 21:49:42.722130');
INSERT INTO "django_admin_log" VALUES(146,'87','You can observe a lot by just watching.',1,'[{"added": {}}]',7,1,'2016-09-07 21:50:03.849948');
INSERT INTO "django_admin_log" VALUES(147,'88','It ain''t over till it''s over.',1,'[{"added": {}}]',7,1,'2016-09-07 21:50:27.166336');
INSERT INTO "django_admin_log" VALUES(148,'89','No one goes there nowadays, it’s too crowded.',1,'[{"added": {}}]',7,1,'2016-09-07 21:50:49.882463');
INSERT INTO "django_admin_log" VALUES(149,'90','Baseball is ninety percent mental and the other half is physical.',1,'[{"added": {}}]',7,1,'2016-09-07 21:51:14.117524');
INSERT INTO "django_admin_log" VALUES(150,'91','Cure sometimes, treat often, comfort always.',1,'[{"added": {}}]',7,1,'2016-09-07 21:51:59.866227');
INSERT INTO "django_admin_log" VALUES(151,'52','Elon Musk',1,'[{"added": {}}]',8,1,'2016-09-08 20:18:24.235121');
INSERT INTO "django_admin_log" VALUES(152,'92','The first step is to establish that something is possible; then probability will occur.',1,'[{"added": {}}]',7,1,'2016-09-08 20:19:05.817667');
INSERT INTO "django_admin_log" VALUES(153,'53','Peter Thiel',1,'[{"added": {}}]',8,1,'2016-09-08 20:19:50.260810');
INSERT INTO "django_admin_log" VALUES(154,'93','If your product requires advertising or salespeople to sell it, it’s not good enough: technology is primarily about product development, not distribution.',1,'[{"added": {}}]',7,1,'2016-09-08 20:20:30.428159');
INSERT INTO "django_admin_log" VALUES(155,'54','B. H. Liddell Hart',1,'[{"added": {}}]',8,1,'2016-09-08 20:21:22.873920');
INSERT INTO "django_admin_log" VALUES(156,'94','In [conflict] the chief incalculable is the human will.',1,'[{"added": {}}]',7,1,'2016-09-08 20:21:51.361189');
INSERT INTO "django_admin_log" VALUES(157,'55','Alexander Vandegrift',1,'[{"added": {}}]',8,1,'2016-09-08 20:25:02.587203');
INSERT INTO "django_admin_log" VALUES(158,'95','Positions are seldom lost because they have been destroyed, but almost invariably because the leader has decided in his own mind that the position cannot be held.',1,'[{"added": {}}]',7,1,'2016-09-08 20:25:43.631552');
INSERT INTO "django_admin_log" VALUES(159,'56','Muhammad Ali',1,'[{"added": {}}]',8,1,'2016-09-08 20:26:41.441174');
INSERT INTO "django_admin_log" VALUES(160,'96','Service to others is the rent you pay for your room here on earth.',1,'[{"added": {}}]',7,1,'2016-09-08 20:27:08.304805');
INSERT INTO "django_admin_log" VALUES(161,'57','Anatole France',1,'[{"added": {}}]',8,1,'2016-09-08 20:28:12.494067');
INSERT INTO "django_admin_log" VALUES(162,'97','If the path be beautiful, let us not ask where it leads.',1,'[{"added": {}}]',7,1,'2016-09-08 20:28:47.453317');
INSERT INTO "django_admin_log" VALUES(163,'98','Thousands of geniuses live and die undiscovered - either by themselves or by others.',1,'[{"added": {}}]',7,1,'2016-09-08 20:29:22.603975');
INSERT INTO "django_admin_log" VALUES(164,'58','Elbert Hubbard',1,'[{"added": {}}]',8,1,'2016-09-08 20:30:23.275225');
INSERT INTO "django_admin_log" VALUES(165,'99','Do not take life too seriously. You will never get out of it alive.',1,'[{"added": {}}]',7,1,'2016-09-08 20:30:52.923077');
INSERT INTO "django_admin_log" VALUES(166,'59','Mahatma Gandhi',1,'[{"added": {}}]',8,1,'2016-09-08 20:31:51.026821');
INSERT INTO "django_admin_log" VALUES(167,'100','Happiness is when what you think, what you say, and what you do are in harmony.',1,'[{"added": {}}]',7,1,'2016-09-08 20:32:28.310954');
INSERT INTO "django_admin_log" VALUES(168,'101','Sleep is the best meditation.',1,'[{"added": {}}]',7,1,'2016-09-08 20:33:04.305737');
INSERT INTO "django_admin_log" VALUES(169,'60','Dr. Seuss',1,'[{"added": {}}]',8,1,'2016-09-08 20:34:16.410027');
INSERT INTO "django_admin_log" VALUES(170,'102','You''re in pretty good shape for the shape you are in.',1,'[{"added": {}}]',7,1,'2016-09-08 20:34:40.808846');
INSERT INTO "django_admin_log" VALUES(171,'103','My life is my message.',1,'[{"added": {}}]',7,1,'2016-09-08 20:37:33.775121');
INSERT INTO "django_admin_log" VALUES(172,'61','Oscar Wilde',1,'[{"added": {}}]',8,1,'2016-09-08 20:38:18.893128');
INSERT INTO "django_admin_log" VALUES(173,'104','I can resist everything except temptation.',1,'[{"added": {}}]',7,1,'2016-09-08 20:38:41.002920');
INSERT INTO "django_admin_log" VALUES(174,'62','Winston Churchill',1,'[{"added": {}}]',8,1,'2016-09-08 20:50:35.423610');
INSERT INTO "django_admin_log" VALUES(175,'105','You have enemies? Good. That means you''ve stood up for something, sometime in your life.',1,'[{"added": {}}]',7,1,'2016-09-08 20:51:05.681387');
INSERT INTO "django_admin_log" VALUES(176,'63','Eminem',1,'[{"added": {}}]',8,1,'2016-09-08 21:27:34.119431');
INSERT INTO "django_admin_log" VALUES(177,'106','The truth is you don''t know what is going to happen tomorrow. Life is a crazy ride, and nothing is guaranteed.',1,'[{"added": {}}]',7,1,'2016-09-08 21:28:04.339803');
INSERT INTO "django_admin_log" VALUES(178,'64','George Orwell',1,'[{"added": {}}]',8,1,'2016-09-08 21:29:47.656557');
INSERT INTO "django_admin_log" VALUES(179,'107','Happiness can exist only in acceptance.',1,'[{"added": {}}]',7,1,'2016-09-08 21:30:13.351619');
INSERT INTO "django_admin_log" VALUES(180,'65','Anne McCaffrey',1,'[{"added": {}}]',8,1,'2016-09-08 21:45:05.796734');
INSERT INTO "django_admin_log" VALUES(181,'108','Make no judgements where you have no compassion.',1,'[{"added": {}}]',7,1,'2016-09-08 21:45:31.589011');
INSERT INTO "django_admin_log" VALUES(182,'66','Michael Novak',1,'[{"added": {}}]',8,1,'2016-09-08 21:46:14.765859');
INSERT INTO "django_admin_log" VALUES(183,'109','Love is a willingness to sacrifice.',1,'[{"added": {}}]',7,1,'2016-09-08 21:46:54.799755');
INSERT INTO "django_admin_log" VALUES(184,'67','Herman Hesse',1,'[{"added": {}}]',8,1,'2016-09-08 21:47:40.887480');
INSERT INTO "django_admin_log" VALUES(185,'110','Some of us think holding on makes us strong, but sometimes it is letting go.',1,'[{"added": {}}]',7,1,'2016-09-08 21:48:07.100348');
INSERT INTO "django_admin_log" VALUES(186,'68','Erma Bombeck',1,'[{"added": {}}]',8,1,'2016-09-08 21:51:23.654476');
INSERT INTO "django_admin_log" VALUES(187,'111','Guilt: The gift that keeps on giving.',1,'[{"added": {}}]',7,1,'2016-09-08 21:51:43.782134');
INSERT INTO "django_admin_log" VALUES(188,'69','Lao Tzu',1,'[{"added": {}}]',8,1,'2016-09-08 21:55:17.450276');
INSERT INTO "django_admin_log" VALUES(189,'112','The master understands that the universe is forever out of control.',1,'[{"added": {}}]',7,1,'2016-09-08 21:55:53.194742');
INSERT INTO "django_admin_log" VALUES(190,'70','Jeremy Caulfield',1,'[{"added": {}}]',8,1,'2016-09-08 21:59:55.923250');
INSERT INTO "django_admin_log" VALUES(191,'113','Our biggest problems arise from the avoidance of smaller ones.',1,'[{"added": {}}]',7,1,'2016-09-08 22:00:21.976768');
INSERT INTO "django_admin_log" VALUES(192,'1','Hindu Pushup',1,'[{"added": {}}]',9,1,'2016-09-09 02:12:54.418305');
INSERT INTO "django_admin_log" VALUES(193,'2','Hollow Rocking',1,'[{"added": {}}]',9,1,'2016-09-09 02:15:36.346768');
INSERT INTO "django_admin_log" VALUES(194,'3','Elbow Plank',1,'[{"added": {}}]',9,1,'2016-09-09 02:17:53.703066');
INSERT INTO "django_admin_log" VALUES(195,'4','Back Rolls',1,'[{"added": {}}]',9,1,'2016-09-09 02:22:34.338987');
INSERT INTO "django_admin_log" VALUES(196,'4','Back Rolls',2,'[{"changed": {"fields": ["demo_url"]}}]',9,1,'2016-09-09 02:24:44.569595');
INSERT INTO "django_admin_log" VALUES(197,'5','Sit down / Get up',1,'[{"added": {}}]',9,1,'2016-09-09 02:27:23.246516');
INSERT INTO "django_admin_log" VALUES(198,'6','Arm Circles',1,'[{"added": {}}]',9,1,'2016-09-09 02:32:55.611294');
INSERT INTO "django_admin_log" VALUES(199,'7','Monkey Fuckers',1,'[{"added": {}}]',9,1,'2016-09-09 02:37:40.220468');
INSERT INTO "django_admin_log" VALUES(200,'7','Monkey Humpers',2,'[{"changed": {"fields": ["name"]}}]',9,1,'2016-09-13 00:10:11.936010');
INSERT INTO "django_admin_log" VALUES(201,'8','Bear Crawl',1,'[{"added": {}}]',9,1,'2016-09-13 00:37:55.360278');
INSERT INTO "django_admin_log" VALUES(202,'9','Squat Hold',1,'[{"added": {}}]',9,1,'2016-09-13 00:39:42.339667');
INSERT INTO "django_admin_log" VALUES(203,'10','Knee-to-Elbow Pushup',1,'[{"added": {}}]',9,1,'2016-09-13 00:42:40.940275');
INSERT INTO "django_admin_log" VALUES(204,'11','Windmills',1,'[{"added": {}}]',9,1,'2016-09-13 00:44:38.308624');
INSERT INTO "django_admin_log" VALUES(205,'12','Hindu Squat',1,'[{"added": {}}]',9,1,'2016-09-13 00:46:11.758746');
INSERT INTO "django_admin_log" VALUES(206,'13','Rolling Spine',1,'[{"added": {}}]',9,1,'2016-09-13 00:47:51.791055');
INSERT INTO "django_admin_log" VALUES(207,'14','Superman',1,'[{"added": {}}]',9,1,'2016-09-13 00:48:38.929394');
INSERT INTO "django_admin_log" VALUES(208,'15','Burpees',1,'[{"added": {}}]',9,1,'2016-09-13 00:51:16.485811');
INSERT INTO "django_admin_log" VALUES(209,'16','Knee Circles',1,'[{"added": {}}]',9,1,'2016-09-13 00:52:59.995344');
INSERT INTO "django_admin_log" VALUES(210,'17','Duck Walk',1,'[{"added": {}}]',9,1,'2016-09-13 00:54:54.434240');
INSERT INTO "django_admin_log" VALUES(211,'18','Crab Walk',1,'[{"added": {}}]',9,1,'2016-09-13 00:57:21.935106');
INSERT INTO "django_admin_log" VALUES(212,'19','Monkey Roll',1,'[{"added": {}}]',9,1,'2016-09-13 01:03:12.310593');
INSERT INTO "django_admin_log" VALUES(213,'71','James Garfield',1,'[{"added": {}}]',8,1,'2016-09-13 01:04:27.982527');
INSERT INTO "django_admin_log" VALUES(214,'114','The truth will set you free, but first it will make you miserable.',1,'[{"added": {}}]',7,1,'2016-09-13 01:05:03.263628');
INSERT INTO "django_admin_log" VALUES(215,'72','Mother Theresa',1,'[{"added": {}}]',8,1,'2016-09-13 01:05:45.859647');
INSERT INTO "django_admin_log" VALUES(216,'115','Honesty and transparency make you vulnerable.  Be honest and transparent anyway.',1,'[{"added": {}}]',7,1,'2016-09-13 01:06:09.425598');
INSERT INTO "django_admin_log" VALUES(217,'73','Edward Hodnett',1,'[{"added": {}}]',8,1,'2016-09-13 01:07:58.371635');
INSERT INTO "django_admin_log" VALUES(218,'116','If you don''t ask the right questions, you do not get the right answers.',1,'[{"added": {}}]',7,1,'2016-09-13 01:08:20.008960');
INSERT INTO "django_admin_log" VALUES(219,'74','Malachy McCourt',1,'[{"added": {}}]',8,1,'2016-09-13 01:08:57.656672');
INSERT INTO "django_admin_log" VALUES(220,'117','Resentment is like taking poison and waiting for the other person to die.',1,'[{"added": {}}]',7,1,'2016-09-13 01:09:18.252024');
INSERT INTO "django_admin_log" VALUES(221,'75','David Levithan',1,'[{"added": {}}]',8,1,'2016-09-13 01:09:57.625015');
INSERT INTO "django_admin_log" VALUES(222,'118','The mistake is thinking that there can be an antidote to the uncertainty.',1,'[{"added": {}}]',7,1,'2016-09-13 01:10:24.630057');
INSERT INTO "django_admin_log" VALUES(223,'76','Vanna Bonta',1,'[{"added": {}}]',8,1,'2016-09-13 01:11:00.946810');
INSERT INTO "django_admin_log" VALUES(224,'119','Truth may sometimes hurt, but delusion harms.',1,'[{"added": {}}]',7,1,'2016-09-13 01:11:31.581794');
INSERT INTO "django_admin_log" VALUES(225,'77','Edward Albee',1,'[{"added": {}}]',8,1,'2016-09-13 01:12:02.117588');
INSERT INTO "django_admin_log" VALUES(226,'120','Sometimes it''s necessary to go a long distance out of the way to come back a short distance correctly.',1,'[{"added": {}}]',7,1,'2016-09-13 01:12:29.468282');
INSERT INTO "django_admin_log" VALUES(227,'78','Leonard Sweet',1,'[{"added": {}}]',8,1,'2016-09-13 01:13:03.395677');
INSERT INTO "django_admin_log" VALUES(228,'121','Stagnation is death.  If you don''t change, you die.  It''s that simple.  It''s that scary.',1,'[{"added": {}}]',7,1,'2016-09-13 01:13:29.370615');
INSERT INTO "django_admin_log" VALUES(229,'79','Arthur Miller',1,'[{"added": {}}]',8,1,'2016-09-13 01:14:18.436926');
INSERT INTO "django_admin_log" VALUES(230,'122','Maybe all one can do is hope to end up with the right regrets.',1,'[{"added": {}}]',7,1,'2016-09-13 01:14:48.887743');
INSERT INTO "django_admin_log" VALUES(231,'80','G. K. Chesterton',1,'[{"added": {}}]',8,1,'2016-09-13 01:15:26.414373');
INSERT INTO "django_admin_log" VALUES(232,'123','We are all in the same boat, in a stormy sea, and we owe each other a terrible loyalty.',1,'[{"added": {}}]',7,1,'2016-09-13 01:15:57.908362');
INSERT INTO "django_admin_log" VALUES(233,'81','Steve Martin',1,'[{"added": {}}]',8,1,'2016-09-13 01:16:27.051201');
INSERT INTO "django_admin_log" VALUES(234,'124','Be so good they can''t ignore you.',1,'[{"added": {}}]',7,1,'2016-09-13 01:16:50.678036');
INSERT INTO "django_admin_log" VALUES(235,'82','Steve Jobs',1,'[{"added": {}}]',8,1,'2016-09-13 01:17:23.595694');
INSERT INTO "django_admin_log" VALUES(236,'125','Innovation distinguishes between a leader and a follower.',1,'[{"added": {}}]',7,1,'2016-09-13 01:17:50.632810');
INSERT INTO "django_admin_log" VALUES(237,'126','Is not life a thousand times too short for us to bore ourselves?',1,'[{"added": {}}]',7,1,'2016-09-13 01:21:03.471739');
INSERT INTO "django_admin_log" VALUES(238,'83','Benjamin Franklin',1,'[{"added": {}}]',8,1,'2016-09-13 01:21:44.714906');
INSERT INTO "django_admin_log" VALUES(239,'127','Life''s tragedy is that we get old too soon and wise too late.',1,'[{"added": {}}]',7,1,'2016-09-13 01:22:14.218686');
INSERT INTO "django_admin_log" VALUES(240,'84','Eleanor Roosevelt',1,'[{"added": {}}]',8,1,'2016-09-13 01:22:46.574163');
INSERT INTO "django_admin_log" VALUES(241,'128','It is better to light a candle than curse the darkness.',1,'[{"added": {}}]',7,1,'2016-09-13 01:23:14.870701');
INSERT INTO "django_admin_log" VALUES(242,'85','Obi-Wan Kenobi',1,'[{"added": {}}]',8,1,'2016-09-13 01:27:42.604350');
INSERT INTO "django_admin_log" VALUES(243,'129','Many of the truths that we cling to depend entirely on our point of view.',1,'[{"added": {}}]',7,1,'2016-09-13 01:28:06.916290');
INSERT INTO "django_admin_log" VALUES(244,'86','Antoine de Saint-Exupéry',1,'[{"added": {}}]',8,1,'2016-09-13 01:30:08.052855');
INSERT INTO "django_admin_log" VALUES(245,'130','Each man must look to himself to teach him the meaning of life.  It is not something discovered, it is something molded.',1,'[{"added": {}}]',7,1,'2016-09-13 01:30:51.608440');
INSERT INTO "django_admin_log" VALUES(246,'87','Buckminster Fuller',1,'[{"added": {}}]',8,1,'2016-09-13 03:55:47.042694');
INSERT INTO "django_admin_log" VALUES(247,'131','To change something, build a new model that makes the existing model obsolete.',1,'[{"added": {}}]',7,1,'2016-09-13 03:56:41.299311');
INSERT INTO "django_admin_log" VALUES(248,'88','Unknown',1,'[{"added": {}}]',8,1,'2016-09-13 16:10:17.241189');
INSERT INTO "django_admin_log" VALUES(249,'132','What would you attempt to do if you knew that you could not fail?',1,'[{"added": {}}]',7,1,'2016-09-13 16:10:50.078652');
INSERT INTO "django_admin_log" VALUES(250,'133','A person is not old until her regrets take the place of her dreams.',1,'[{"added": {}}]',7,1,'2016-09-13 16:11:27.426018');
INSERT INTO "django_admin_log" VALUES(251,'89','Gertrude Stein',1,'[{"added": {}}]',8,1,'2016-09-13 16:12:10.427553');
INSERT INTO "django_admin_log" VALUES(252,'134','Everybody gets so much information all day long that they lose their commonsense.',1,'[{"added": {}}]',7,1,'2016-09-13 16:12:34.913080');
INSERT INTO "django_admin_log" VALUES(253,'90','Bertha Damon',1,'[{"added": {}}]',8,1,'2016-09-13 16:13:08.620164');
INSERT INTO "django_admin_log" VALUES(254,'135','Getting what you go after is success; but liking it while you are getting it is happiness.',1,'[{"added": {}}]',7,1,'2016-09-13 16:13:42.198791');
INSERT INTO "django_admin_log" VALUES(255,'91','Rita Mae Brown',1,'[{"added": {}}]',8,1,'2016-09-13 16:14:40.855426');
INSERT INTO "django_admin_log" VALUES(256,'136','The reward for conformity is that everyone likes you except for yourself.',1,'[{"added": {}}]',7,1,'2016-09-13 16:15:09.554440');
INSERT INTO "django_admin_log" VALUES(257,'92','Judith Groch',1,'[{"added": {}}]',8,1,'2016-09-13 16:15:55.537606');
INSERT INTO "django_admin_log" VALUES(258,'137','Those who have been required to memorize the world as it is, will never create the world as it might be.',1,'[{"added": {}}]',7,1,'2016-09-13 16:16:16.900587');
INSERT INTO "django_admin_log" VALUES(259,'93','D. H. Lawrence',1,'[{"added": {}}]',8,1,'2016-09-13 16:17:43.432096');
INSERT INTO "django_admin_log" VALUES(260,'138','Life is ours to be spent, not to be saved.',1,'[{"added": {}}]',7,1,'2016-09-13 16:18:08.148623');
INSERT INTO "django_admin_log" VALUES(261,'94','Chinese proverb',1,'[{"added": {}}]',8,1,'2016-09-13 16:19:00.859912');
INSERT INTO "django_admin_log" VALUES(262,'139','Make happy those that are near, and those who are far will come.',1,'[{"added": {}}]',7,1,'2016-09-13 16:19:23.891421');
INSERT INTO "django_admin_log" VALUES(263,'95','John Glenn',1,'[{"added": {}}]',8,1,'2016-09-13 16:20:16.784958');
INSERT INTO "django_admin_log" VALUES(264,'140','People are afraid of the future, of the unknown.  If a man faces up to it, and takes the dare of the future, he can have some control over his destiny.  That''s an exciting idea to me, better than wait',1,'[{"added": {}}]',7,1,'2016-09-13 16:20:46.230800');
INSERT INTO "django_admin_log" VALUES(265,'96','Marie Curie',1,'[{"added": {}}]',8,1,'2016-09-13 16:21:24.526295');
INSERT INTO "django_admin_log" VALUES(266,'141','Nothing in life is to be feared.  It is only to be understood.',1,'[{"added": {}}]',7,1,'2016-09-13 16:22:00.813919');
INSERT INTO "django_admin_log" VALUES(267,'97','e.e. cummings',1,'[{"added": {}}]',8,1,'2016-09-13 16:22:50.261357');
INSERT INTO "django_admin_log" VALUES(268,'142','to be nobody but yourself - in a world which is doing its best, night and day, to make you everybody else - means to fight the hardest battle which any human being can fight, and never stop fighting.',1,'[{"added": {}}]',7,1,'2016-09-13 16:23:17.504849');
INSERT INTO "django_admin_log" VALUES(269,'143','The thought manifests itself as the word.  The word manifests as the deed.  The deed develops into habit.  Habit hardens into character.  So watch the thought and its way with care, and let it spring ',1,'[{"added": {}}]',7,1,'2016-09-13 16:23:45.416946');
INSERT INTO "django_admin_log" VALUES(270,'98','Laurence Gonzales',1,'[{"added": {}}]',8,1,'2016-09-13 16:25:51.632227');
INSERT INTO "django_admin_log" VALUES(271,'144','We think we believe what we know, but we only truly believe what we feel.',1,'[{"added": {}}]',7,1,'2016-09-13 16:26:21.599846');
INSERT INTO "django_admin_log" VALUES(272,'99','Frank Sinatra',1,'[{"added": {}}]',8,1,'2016-09-14 18:56:35.591126');
INSERT INTO "django_admin_log" VALUES(273,'145','The big lesson in life, baby, is never be scared of anyone or anything.',1,'[{"added": {}}]',7,1,'2016-09-14 18:57:09.422658');
INSERT INTO "django_admin_log" VALUES(274,'100','Eric Gill',1,'[{"added": {}}]',8,1,'2016-10-22 13:14:41.123598');
INSERT INTO "django_admin_log" VALUES(275,'146','If you look after truth and goodness, beauty looks after herself.',1,'[{"added": {}}]',7,1,'2016-10-22 13:15:32.146043');
INSERT INTO "django_admin_log" VALUES(276,'101','Émile Durkheim',1,'[{"added": {}}]',8,1,'2016-10-22 13:19:35.725530');
INSERT INTO "django_admin_log" VALUES(277,'147','Categories such as time, space, cause and number represent the most general relations which exist between things; surpassing all our other ideas in extension, they dominate all the details of our inte',1,'[{"added": {}}]',7,1,'2016-10-22 13:22:15.463067');
INSERT INTO "django_admin_log" VALUES(278,'102','Van Wyck Brooks',1,'[{"added": {}}]',8,1,'2016-10-22 13:24:41.956502');
INSERT INTO "django_admin_log" VALUES(279,'103','Gustave Flaubert',1,'[{"added": {}}]',8,1,'2016-10-22 13:25:55.002283');
INSERT INTO "django_admin_log" VALUES(280,'148','It is a principle that shines impartially on the just and the unjust that once you have a point of view all history will back you up.',1,'[{"added": {}}]',7,1,'2016-10-22 13:26:55.686465');
INSERT INTO "django_admin_log" VALUES(281,'149','The rage for wanting to conclude is one of the most deadly and most fruitless manias to befall humanity.  Each religion and each philosophy has pretended to have God to itself, to measure the infinite',1,'[{"added": {}}]',7,1,'2016-10-22 13:28:54.934269');
INSERT INTO "django_admin_log" VALUES(282,'104','Richard Feynman',1,'[{"added": {}}]',8,1,'2016-10-22 13:30:27.250357');
INSERT INTO "django_admin_log" VALUES(283,'150','For a successful technology, reality must take precedence over public relations, for Nature cannot be fooled.',1,'[{"added": {}}]',7,1,'2016-10-22 13:31:37.333852');
INSERT INTO "django_admin_log" VALUES(284,'105','Mark Strand',1,'[{"added": {}}]',8,1,'2017-01-05 23:31:12.102262');
INSERT INTO "django_admin_log" VALUES(285,'151','The future is always beginning now.',1,'[{"added": {}}]',7,1,'2017-01-05 23:32:16.039801');
INSERT INTO "django_admin_log" VALUES(286,'152','Some people die at 25 and aren''t buried until 75.',1,'[{"added": {}}]',7,1,'2017-01-05 23:32:50.627190');
INSERT INTO "django_admin_log" VALUES(287,'106','Garrison Keillor',1,'[{"added": {}}]',8,1,'2017-01-07 21:58:14.532736');
INSERT INTO "django_admin_log" VALUES(288,'153','I believe in looking reality straight in the eye and denying it.',1,'[{"added": {}}]',7,1,'2017-01-07 21:58:56.850693');
INSERT INTO "django_admin_log" VALUES(289,'154','What do you care what other people think?',1,'[{"added": {}}]',7,1,'2017-01-11 14:07:43.733476');
INSERT INTO "django_admin_log" VALUES(290,'155','No more roundabout discussion of what makes a good person.  Be one!  If it is not right, don''t do it; if it is not true, don''t say it.',1,'[{"added": {}}]',7,1,'2017-01-17 00:42:18.199997');
INSERT INTO "django_admin_log" VALUES(291,'107','William Shakespeare',1,'[{"added": {}}]',8,1,'2017-01-18 21:44:34.674504');
INSERT INTO "django_admin_log" VALUES(292,'156','Nothing in this world is good or bad, but thinking makes it so.',1,'[{"added": {}}]',7,1,'2017-01-18 21:45:50.054477');
INSERT INTO "django_admin_log" VALUES(293,'108','Seneca',1,'[{"added": {}}]',8,1,'2017-01-19 13:04:35.251534');
INSERT INTO "django_admin_log" VALUES(294,'157','We suffer more in imagination than reality.',1,'[{"added": {}}]',7,1,'2017-01-19 13:05:31.084649');
INSERT INTO "django_admin_log" VALUES(295,'109','James Mattis',1,'[{"added": {}}]',8,1,'2017-01-21 18:05:03.257485');
INSERT INTO "django_admin_log" VALUES(296,'158','Be polite, be professional, but have a plan to kill everybody you meet.',1,'[{"added": {}}]',7,1,'2017-01-21 18:05:42.965865');
INSERT INTO "django_admin_log" VALUES(297,'109','James Mattis',2,'[{"changed": {"fields": ["biography_url"]}}]',8,1,'2017-01-21 18:06:11.563337');
INSERT INTO "django_admin_log" VALUES(298,'159','Don''t cling to a mistake just because you spent a lot of time making it.',1,'[{"added": {}}]',7,1,'2017-01-31 23:59:11.662428');
INSERT INTO "django_admin_log" VALUES(299,'160','Life has taught us that love does not consist in gazing at each other but in looking outward together in the same direction.',1,'[{"added": {}}]',7,1,'2017-02-15 14:38:37.666297');
INSERT INTO "django_admin_log" VALUES(300,'110','James A Michener',1,'[{"added": {}}]',8,1,'2017-02-28 12:37:41.434180');
INSERT INTO "django_admin_log" VALUES(301,'161','Character consists of what you do on the third and fourth tries.',1,'[{"added": {}}]',7,1,'2017-02-28 12:38:28.533445');
INSERT INTO "django_admin_log" VALUES(302,'111','Paracelsus',1,'[{"added": {}}]',8,1,'2017-03-16 12:08:14.414653');
INSERT INTO "django_admin_log" VALUES(303,'162','All is interrelated.  Heaven and earth, air and water.  All are but one thing; not four, not two and not three, but one.  Where they are not together, there is only an incomplete piece.',1,'[{"added": {}}]',7,1,'2017-03-16 12:09:49.715082');
INSERT INTO "django_admin_log" VALUES(304,'112','Samuel Butler',1,'[{"added": {}}]',8,1,'2017-05-02 18:02:15.153753');
INSERT INTO "django_admin_log" VALUES(305,'113','Huangbo Xiyun',1,'[{"added": {}}]',8,1,'2017-05-02 18:02:54.411077');
INSERT INTO "django_admin_log" VALUES(306,'163','To do great work a man must be very idle as well as very industrious.',1,'[{"added": {}}]',7,1,'2017-05-02 18:03:57.541686');
INSERT INTO "django_admin_log" VALUES(307,'164','The foolish reject what they see and not what they think; the wise reject what they think and not what they see.',1,'[{"added": {}}]',7,1,'2017-05-02 18:04:25.973695');
INSERT INTO "django_admin_log" VALUES(308,'165','Remind yourself that it is not the future or what has passed that afflicts you, but always the present.',1,'[{"added": {}}]',7,1,'2017-05-18 18:25:04.390059');
INSERT INTO "django_admin_log" VALUES(309,'166','What''s gone and what''s past help should be past grief. (The Winter''s Tale)',1,'[{"added": {}}]',7,1,'2017-05-18 18:33:05.955200');
INSERT INTO "django_admin_log" VALUES(310,'167','All disturbances arise solely from the opinions within us.',1,'[{"added": {}}]',7,1,'2017-05-18 18:36:02.781317');
INSERT INTO "django_admin_log" VALUES(311,'168','The robbed that smiles, steals something from the thief. (Othello)',1,'[{"added": {}}]',7,1,'2017-05-18 18:43:37.648404');
INSERT INTO "django_admin_log" VALUES(312,'169','As if you had died and your life had extended only to this present moment, use the surplus that is left to you to live from this time onward according to nature.',1,'[{"added": {}}]',7,1,'2017-05-18 18:44:55.859697');
INSERT INTO "django_admin_log" VALUES(313,'170','I wasted time and now doth time waste me. (Richard II)',1,'[{"added": {}}]',7,1,'2017-05-18 18:47:46.487340');
INSERT INTO "django_admin_log" VALUES(314,'171','Refer your action to no other end than the common good.',1,'[{"added": {}}]',7,1,'2017-05-18 18:48:38.387287');
INSERT INTO "django_admin_log" VALUES(315,'172','Love all, trust a few, do wrong to none. (All''s Well That Ends Well)',1,'[{"added": {}}]',7,1,'2017-05-18 18:50:08.432962');
INSERT INTO "django_admin_log" VALUES(316,'173','Reputation is an idle and most false imposition, oft got without merit and lost without deserving.  You have lost no reputation at all unless you repute yourself such a loser.  (Othello)',1,'[{"added": {}}]',7,1,'2017-05-18 18:52:24.703882');
INSERT INTO "django_admin_log" VALUES(317,'174','Do little, if you want contentment of mind.',1,'[{"added": {}}]',7,1,'2017-05-18 18:53:10.768319');
INSERT INTO "django_admin_log" VALUES(318,'175','Wisely and slow, they stumble that run fast.  (Romeo and Juliet)',1,'[{"added": {}}]',7,1,'2017-05-18 18:53:58.653028');
INSERT INTO "django_admin_log" VALUES(319,'175','Wisely and slow; they stumble that run fast.  (Romeo and Juliet)',2,'[{"changed": {"fields": ["quote_text"]}}]',7,1,'2017-05-18 18:54:49.327745');
CREATE TABLE "django_content_type" ("id" integer NOT NULL PRIMARY KEY AUTOINCREMENT, "app_label" varchar(100) NOT NULL, "model" varchar(100) NOT NULL);
INSERT INTO "django_content_type" VALUES(1,'admin','logentry');
INSERT INTO "django_content_type" VALUES(2,'auth','permission');
INSERT INTO "django_content_type" VALUES(3,'auth','group');
INSERT INTO "django_content_type" VALUES(4,'auth','user');
INSERT INTO "django_content_type" VALUES(5,'contenttypes','contenttype');
INSERT INTO "django_content_type" VALUES(6,'sessions','session');
INSERT INTO "django_content_type" VALUES(7,'daily_digest','quote');
INSERT INTO "django_content_type" VALUES(8,'daily_digest','quote_author');
INSERT INTO "django_content_type" VALUES(9,'daily_digest','exercise');
CREATE TABLE "auth_permission" ("id" integer NOT NULL PRIMARY KEY AUTOINCREMENT, "content_type_id" integer NOT NULL REFERENCES "django_content_type" ("id"), "codename" varchar(100) NOT NULL, "name" varchar(255) NOT NULL);
INSERT INTO "auth_permission" VALUES(1,1,'add_logentry','Can add log entry');
INSERT INTO "auth_permission" VALUES(2,1,'change_logentry','Can change log entry');
INSERT INTO "auth_permission" VALUES(3,1,'delete_logentry','Can delete log entry');
INSERT INTO "auth_permission" VALUES(4,2,'add_permission','Can add permission');
INSERT INTO "auth_permission" VALUES(5,2,'change_permission','Can change permission');
INSERT INTO "auth_permission" VALUES(6,2,'delete_permission','Can delete permission');
INSERT INTO "auth_permission" VALUES(7,3,'add_group','Can add group');
INSERT INTO "auth_permission" VALUES(8,3,'change_group','Can change group');
INSERT INTO "auth_permission" VALUES(9,3,'delete_group','Can delete group');
INSERT INTO "auth_permission" VALUES(10,4,'add_user','Can add user');
INSERT INTO "auth_permission" VALUES(11,4,'change_user','Can change user');
INSERT INTO "auth_permission" VALUES(12,4,'delete_user','Can delete user');
INSERT INTO "auth_permission" VALUES(13,5,'add_contenttype','Can add content type');
INSERT INTO "auth_permission" VALUES(14,5,'change_contenttype','Can change content type');
INSERT INTO "auth_permission" VALUES(15,5,'delete_contenttype','Can delete content type');
INSERT INTO "auth_permission" VALUES(16,6,'add_session','Can add session');
INSERT INTO "auth_permission" VALUES(17,6,'change_session','Can change session');
INSERT INTO "auth_permission" VALUES(18,6,'delete_session','Can delete session');
INSERT INTO "auth_permission" VALUES(19,7,'add_quote','Can add quote');
INSERT INTO "auth_permission" VALUES(20,7,'change_quote','Can change quote');
INSERT INTO "auth_permission" VALUES(21,7,'delete_quote','Can delete quote');
INSERT INTO "auth_permission" VALUES(22,8,'add_quote_author','Can add quote_ author');
INSERT INTO "auth_permission" VALUES(23,8,'change_quote_author','Can change quote_ author');
INSERT INTO "auth_permission" VALUES(24,8,'delete_quote_author','Can delete quote_ author');
INSERT INTO "auth_permission" VALUES(25,9,'add_exercise','Can add exercise');
INSERT INTO "auth_permission" VALUES(26,9,'change_exercise','Can change exercise');
INSERT INTO "auth_permission" VALUES(27,9,'delete_exercise','Can delete exercise');
CREATE TABLE "auth_user" ("id" integer NOT NULL PRIMARY KEY AUTOINCREMENT, "password" varchar(128) NOT NULL, "last_login" datetime NULL, "is_superuser" bool NOT NULL, "first_name" varchar(30) NOT NULL, "last_name" varchar(30) NOT NULL, "email" varchar(254) NOT NULL, "is_staff" bool NOT NULL, "is_active" bool NOT NULL, "date_joined" datetime NOT NULL, "username" varchar(150) NOT NULL UNIQUE);
INSERT INTO "auth_user" VALUES(1,'pbkdf2_sha256$30000$PL4AZSqzBuno$/gzQ3pmO8jdLN9OFP+7vNxv9jF5FH8k3N3vxugtz1cs=','2017-05-18 18:22:51.777864',1,'','','alexkelley@yahoo.com',1,1,'2016-08-23 03:03:49.186702','alex');
CREATE TABLE "django_session" ("session_key" varchar(40) NOT NULL PRIMARY KEY, "session_data" text NOT NULL, "expire_date" datetime NOT NULL);
INSERT INTO "django_session" VALUES('y64ns0jua6ihzsnb91vdtjel5j3z2q5t','OGY1OGY3ODM5MDZiYTIxODc1OTM2NmM3OTU4OTFhZDc3MWVkNDk4ZTp7Il9hdXRoX3VzZXJfaGFzaCI6IjExZjY3YWM4NmJmNDU0NGE3M2NiZDQ5ODE2NTBiZjg4NWIyZTMyZGUiLCJfYXV0aF91c2VyX2lkIjoiMSIsIl9hdXRoX3VzZXJfYmFja2VuZCI6ImRqYW5nby5jb250cmliLmF1dGguYmFja2VuZHMuTW9kZWxCYWNrZW5kIn0=','2016-09-06 03:05:23.188551');
INSERT INTO "django_session" VALUES('tf1io0dfwvto5m6o5utwnjclqvkxrpui','NjEwZjJhNWJlOWUyN2QxMTg5MDc3YTllMzQ3MmNjYTk2MDc3MGUxMzp7Il9hdXRoX3VzZXJfaGFzaCI6IjExZjY3YWM4NmJmNDU0NGE3M2NiZDQ5ODE2NTBiZjg4NWIyZTMyZGUiLCJfYXV0aF91c2VyX2JhY2tlbmQiOiJkamFuZ28uY29udHJpYi5hdXRoLmJhY2tlbmRzLk1vZGVsQmFja2VuZCIsIl9hdXRoX3VzZXJfaWQiOiIxIn0=','2016-09-14 01:21:22.773096');
INSERT INTO "django_session" VALUES('qv2ge3674kpvb4xcqa8t6nq2rsvwyzlh','MGNiOTI0Njg3NTBhYWFjY2M5N2Q2ZWY1Nzg4NDZlNjVkOTNhNDc3YTp7Il9hdXRoX3VzZXJfaWQiOiIxIiwiX2F1dGhfdXNlcl9iYWNrZW5kIjoiZGphbmdvLmNvbnRyaWIuYXV0aC5iYWNrZW5kcy5Nb2RlbEJhY2tlbmQiLCJfYXV0aF91c2VyX2hhc2giOiIxMWY2N2FjODZiZjQ1NDRhNzNjYmQ0OTgxNjUwYmY4ODViMmUzMmRlIn0=','2016-09-15 15:18:12.555553');
INSERT INTO "django_session" VALUES('ws1tdmmmt1o5qeia7cydn8wvmg70pd2s','MGRhYjZjYjQ3ZmZkYWRmM2ViNDJjNjJjN2YwMDcwNzM0YmEyZjI5Njp7Il9hdXRoX3VzZXJfYmFja2VuZCI6ImRqYW5nby5jb250cmliLmF1dGguYmFja2VuZHMuTW9kZWxCYWNrZW5kIiwiX2F1dGhfdXNlcl9pZCI6IjEiLCJfYXV0aF91c2VyX2hhc2giOiIxMWY2N2FjODZiZjQ1NDRhNzNjYmQ0OTgxNjUwYmY4ODViMmUzMmRlIn0=','2016-09-21 21:42:52.127022');
INSERT INTO "django_session" VALUES('gb3rl4qenlp4mz901px528r9xsq7p35u','MGRhYjZjYjQ3ZmZkYWRmM2ViNDJjNjJjN2YwMDcwNzM0YmEyZjI5Njp7Il9hdXRoX3VzZXJfYmFja2VuZCI6ImRqYW5nby5jb250cmliLmF1dGguYmFja2VuZHMuTW9kZWxCYWNrZW5kIiwiX2F1dGhfdXNlcl9pZCI6IjEiLCJfYXV0aF91c2VyX2hhc2giOiIxMWY2N2FjODZiZjQ1NDRhNzNjYmQ0OTgxNjUwYmY4ODViMmUzMmRlIn0=','2016-09-27 00:09:25.558998');
INSERT INTO "django_session" VALUES('us2lax2dx5uibs9zfe7wisxgnvgl4zzp','MGRhYjZjYjQ3ZmZkYWRmM2ViNDJjNjJjN2YwMDcwNzM0YmEyZjI5Njp7Il9hdXRoX3VzZXJfYmFja2VuZCI6ImRqYW5nby5jb250cmliLmF1dGguYmFja2VuZHMuTW9kZWxCYWNrZW5kIiwiX2F1dGhfdXNlcl9pZCI6IjEiLCJfYXV0aF91c2VyX2hhc2giOiIxMWY2N2FjODZiZjQ1NDRhNzNjYmQ0OTgxNjUwYmY4ODViMmUzMmRlIn0=','2016-10-03 21:37:32.010990');
INSERT INTO "django_session" VALUES('z65wxrdilj7u0u2r9cr9n1sry66owbti','MGRhYjZjYjQ3ZmZkYWRmM2ViNDJjNjJjN2YwMDcwNzM0YmEyZjI5Njp7Il9hdXRoX3VzZXJfYmFja2VuZCI6ImRqYW5nby5jb250cmliLmF1dGguYmFja2VuZHMuTW9kZWxCYWNrZW5kIiwiX2F1dGhfdXNlcl9pZCI6IjEiLCJfYXV0aF91c2VyX2hhc2giOiIxMWY2N2FjODZiZjQ1NDRhNzNjYmQ0OTgxNjUwYmY4ODViMmUzMmRlIn0=','2016-11-05 13:13:55.765454');
INSERT INTO "django_session" VALUES('spz3qucsr44gsb0pqjfnewgqupz2qc6k','NDUyOTdlMGUzNWYyZjQ4M2I2M2VkNmMzM2MyNTIxZmY0NGRiMGJmOTp7Il9hdXRoX3VzZXJfaWQiOiIxIiwiX2F1dGhfdXNlcl9oYXNoIjoiMTFmNjdhYzg2YmY0NTQ0YTczY2JkNDk4MTY1MGJmODg1YjJlMzJkZSIsIl9hdXRoX3VzZXJfYmFja2VuZCI6ImRqYW5nby5jb250cmliLmF1dGguYmFja2VuZHMuTW9kZWxCYWNrZW5kIn0=','2017-01-19 23:30:09.781850');
INSERT INTO "django_session" VALUES('vjhh6kbe09ifwi20pe2epcyhsggmwmox','NjEwZjJhNWJlOWUyN2QxMTg5MDc3YTllMzQ3MmNjYTk2MDc3MGUxMzp7Il9hdXRoX3VzZXJfaGFzaCI6IjExZjY3YWM4NmJmNDU0NGE3M2NiZDQ5ODE2NTBiZjg4NWIyZTMyZGUiLCJfYXV0aF91c2VyX2JhY2tlbmQiOiJkamFuZ28uY29udHJpYi5hdXRoLmJhY2tlbmRzLk1vZGVsQmFja2VuZCIsIl9hdXRoX3VzZXJfaWQiOiIxIn0=','2017-02-01 21:43:42.781097');
INSERT INTO "django_session" VALUES('hdc4d58tq3xjsabv1wgaiuzn8pgzypar','ZjY0OWM4ZGIxMzI4YTgwNmFkYzVjMTBlZTc5Mzk0ZmQ5NTJkMjg4Yzp7Il9hdXRoX3VzZXJfYmFja2VuZCI6ImRqYW5nby5jb250cmliLmF1dGguYmFja2VuZHMuTW9kZWxCYWNrZW5kIiwiX2F1dGhfdXNlcl9oYXNoIjoiMTFmNjdhYzg2YmY0NTQ0YTczY2JkNDk4MTY1MGJmODg1YjJlMzJkZSIsIl9hdXRoX3VzZXJfaWQiOiIxIn0=','2017-03-01 14:34:43.153299');
INSERT INTO "django_session" VALUES('l887vn9bepw959u8s2diyhnks17ekvev','ZjY0OWM4ZGIxMzI4YTgwNmFkYzVjMTBlZTc5Mzk0ZmQ5NTJkMjg4Yzp7Il9hdXRoX3VzZXJfYmFja2VuZCI6ImRqYW5nby5jb250cmliLmF1dGguYmFja2VuZHMuTW9kZWxCYWNrZW5kIiwiX2F1dGhfdXNlcl9oYXNoIjoiMTFmNjdhYzg2YmY0NTQ0YTczY2JkNDk4MTY1MGJmODg1YjJlMzJkZSIsIl9hdXRoX3VzZXJfaWQiOiIxIn0=','2017-03-15 22:19:05.975443');
INSERT INTO "django_session" VALUES('xv8yy06gaf9few3b7hkkd6ecc5gl5drl','NDUyOTdlMGUzNWYyZjQ4M2I2M2VkNmMzM2MyNTIxZmY0NGRiMGJmOTp7Il9hdXRoX3VzZXJfaWQiOiIxIiwiX2F1dGhfdXNlcl9oYXNoIjoiMTFmNjdhYzg2YmY0NTQ0YTczY2JkNDk4MTY1MGJmODg1YjJlMzJkZSIsIl9hdXRoX3VzZXJfYmFja2VuZCI6ImRqYW5nby5jb250cmliLmF1dGguYmFja2VuZHMuTW9kZWxCYWNrZW5kIn0=','2017-03-30 12:07:23.683657');
INSERT INTO "django_session" VALUES('shwe66xiz3cbhu5gh6cob85hwrxyuajs','NDUyOTdlMGUzNWYyZjQ4M2I2M2VkNmMzM2MyNTIxZmY0NGRiMGJmOTp7Il9hdXRoX3VzZXJfaWQiOiIxIiwiX2F1dGhfdXNlcl9oYXNoIjoiMTFmNjdhYzg2YmY0NTQ0YTczY2JkNDk4MTY1MGJmODg1YjJlMzJkZSIsIl9hdXRoX3VzZXJfYmFja2VuZCI6ImRqYW5nby5jb250cmliLmF1dGguYmFja2VuZHMuTW9kZWxCYWNrZW5kIn0=','2017-05-16 18:01:42.350721');
INSERT INTO "django_session" VALUES('pvqtbvmuhqxm7ufi2zd408jtbrg0tobv','OGY1OGY3ODM5MDZiYTIxODc1OTM2NmM3OTU4OTFhZDc3MWVkNDk4ZTp7Il9hdXRoX3VzZXJfaGFzaCI6IjExZjY3YWM4NmJmNDU0NGE3M2NiZDQ5ODE2NTBiZjg4NWIyZTMyZGUiLCJfYXV0aF91c2VyX2lkIjoiMSIsIl9hdXRoX3VzZXJfYmFja2VuZCI6ImRqYW5nby5jb250cmliLmF1dGguYmFja2VuZHMuTW9kZWxCYWNrZW5kIn0=','2017-06-01 18:22:51.800179');
CREATE TABLE "daily_digest_quote_author" ("id" integer NOT NULL PRIMARY KEY AUTOINCREMENT, "author" varchar(200) NULL, "biography_url" varchar(200) NULL);
INSERT INTO "daily_digest_quote_author" VALUES(1,'Confucious','https://en.wikipedia.org/wiki/Confucius');
INSERT INTO "daily_digest_quote_author" VALUES(2,'Albert Einstein','https://en.wikipedia.org/wiki/Albert_Einstein');
INSERT INTO "daily_digest_quote_author" VALUES(3,'Ludwig Börne','https://en.wikipedia.org/wiki/Ludwig_B%C3%B6rne');
INSERT INTO "daily_digest_quote_author" VALUES(4,'Desmond Tutu','https://en.wikipedia.org/wiki/Desmond_Tutu');
INSERT INTO "daily_digest_quote_author" VALUES(5,'John Maynard Keynes','https://en.wikipedia.org/wiki/John_Maynard_Keynes');
INSERT INTO "daily_digest_quote_author" VALUES(6,'Maximilien Robespierre','https://en.wikipedia.org/wiki/Maximilien_Robespierre');
INSERT INTO "daily_digest_quote_author" VALUES(7,'Richard Francis Burton','https://en.wikipedia.org/wiki/Richard_Francis_Burton');
INSERT INTO "daily_digest_quote_author" VALUES(8,'Charles Darwin','https://en.wikipedia.org/wiki/Charles_Darwin');
INSERT INTO "daily_digest_quote_author" VALUES(9,'Arlen Specter','https://en.wikipedia.org/wiki/Arlen_Specter');
INSERT INTO "daily_digest_quote_author" VALUES(10,'Abraham Lincoln','https://en.wikipedia.org/wiki/Abraham_Lincoln');
INSERT INTO "daily_digest_quote_author" VALUES(11,'Jim Rohn','https://en.wikipedia.org/wiki/Jim_Rohn');
INSERT INTO "daily_digest_quote_author" VALUES(12,'Mark Twain','https://en.wikipedia.org/wiki/Mark_Twain');
INSERT INTO "daily_digest_quote_author" VALUES(13,'Thomas Aquinas','https://en.wikipedia.org/wiki/Thomas_Aquinas');
INSERT INTO "daily_digest_quote_author" VALUES(14,'Dalai Lama','https://en.wikipedia.org/wiki/14th_Dalai_Lama');
INSERT INTO "daily_digest_quote_author" VALUES(15,'Ingrid Bergman','https://en.wikipedia.org/wiki/Ingrid_Bergman');
INSERT INTO "daily_digest_quote_author" VALUES(16,'Kahlil Gibran','https://en.wikipedia.org/wiki/Kahlil_Gibran');
INSERT INTO "daily_digest_quote_author" VALUES(17,'Marcus Aurelius','https://en.wikipedia.org/wiki/Marcus_Aurelius');
INSERT INTO "daily_digest_quote_author" VALUES(18,'Cesare Pavese','https://en.wikipedia.org/wiki/Cesare_Pavese');
INSERT INTO "daily_digest_quote_author" VALUES(19,'Walt Disney','https://en.wikipedia.org/wiki/Walt_Disney');
INSERT INTO "daily_digest_quote_author" VALUES(20,'Buddha','https://en.wikipedia.org/wiki/Gautama_Buddha');
INSERT INTO "daily_digest_quote_author" VALUES(21,'Ralph Waldo Emerson','https://en.wikipedia.org/wiki/Ralph_Waldo_Emerson');
INSERT INTO "daily_digest_quote_author" VALUES(22,'Thomas Edison','https://en.wikipedia.org/wiki/Thomas_Edison');
INSERT INTO "daily_digest_quote_author" VALUES(23,'Baltasar Gracián','https://en.wikipedia.org/wiki/Baltasar_Graci%C3%A1n');
INSERT INTO "daily_digest_quote_author" VALUES(24,'Heinz von Förster','https://en.wikipedia.org/wiki/Heinz_von_Foerster');
INSERT INTO "daily_digest_quote_author" VALUES(25,'Arthur Schopenhauer','https://en.wikipedia.org/wiki/Arthur_Schopenhauer');
INSERT INTO "daily_digest_quote_author" VALUES(26,'Friedrich Nietzsche','https://en.wikipedia.org/wiki/Friedrich_Nietzsche');
INSERT INTO "daily_digest_quote_author" VALUES(27,'Robert A. Heinlein','https://en.wikipedia.org/wiki/Robert_A._Heinlein');
INSERT INTO "daily_digest_quote_author" VALUES(28,'Henry David Thoreau','https://en.wikipedia.org/wiki/Henry_David_Thoreau');
INSERT INTO "daily_digest_quote_author" VALUES(29,'Christopher Hitchens','https://en.wikipedia.org/wiki/Christopher_Hitchens');
INSERT INTO "daily_digest_quote_author" VALUES(30,'Yogi Berra','https://en.wikipedia.org/wiki/Yogi_Berra');
INSERT INTO "daily_digest_quote_author" VALUES(31,'Aristotle','https://en.wikipedia.org/wiki/Aristotle');
INSERT INTO "daily_digest_quote_author" VALUES(32,'Socrates','https://en.wikipedia.org/wiki/Socrates');
INSERT INTO "daily_digest_quote_author" VALUES(33,'Leonardo da Vinci','https://en.wikipedia.org/wiki/Leonardo_da_Vinci');
INSERT INTO "daily_digest_quote_author" VALUES(34,'Voltaire','https://en.wikipedia.org/wiki/Voltaire');
INSERT INTO "daily_digest_quote_author" VALUES(35,'John Ruskin','https://en.wikipedia.org/wiki/John_Ruskin');
INSERT INTO "daily_digest_quote_author" VALUES(36,'René Descartes','https://en.wikipedia.org/wiki/Ren%C3%A9_Descartes');
INSERT INTO "daily_digest_quote_author" VALUES(37,'Sun Tzu','https://en.wikipedia.org/wiki/Sun_Tzu');
INSERT INTO "daily_digest_quote_author" VALUES(38,'Alvin Toffler','https://en.wikipedia.org/wiki/Alvin_Toffler');
INSERT INTO "daily_digest_quote_author" VALUES(39,'Aristotle','https://en.wikipedia.org/wiki/Aristotle');
INSERT INTO "daily_digest_quote_author" VALUES(40,'Plato','https://en.wikipedia.org/wiki/Plato');
INSERT INTO "daily_digest_quote_author" VALUES(41,'Baruch Spinoza','https://en.wikipedia.org/wiki/Baruch_Spinoza');
INSERT INTO "daily_digest_quote_author" VALUES(42,'Isaac Newton','https://en.wikipedia.org/wiki/Isaac_Newton');
INSERT INTO "daily_digest_quote_author" VALUES(43,'Jean-Jacques Rousseau','https://en.wikipedia.org/wiki/Jean-Jacques_Rousseau');
INSERT INTO "daily_digest_quote_author" VALUES(44,'Will Durant','https://en.wikipedia.org/wiki/Will_Durant');
INSERT INTO "daily_digest_quote_author" VALUES(45,'Pablo Picasso','https://en.wikipedia.org/wiki/Pablo_Picasso');
INSERT INTO "daily_digest_quote_author" VALUES(46,'Ovid','https://en.wikipedia.org/wiki/Ovid');
INSERT INTO "daily_digest_quote_author" VALUES(47,'Hippocrates','https://en.wikipedia.org/wiki/Hippocrates');
INSERT INTO "daily_digest_quote_author" VALUES(48,'Mark Watney','https://en.wikipedia.org/wiki/The_Martian_(Weir_novel)');
INSERT INTO "daily_digest_quote_author" VALUES(49,'Montesquieu','https://en.wikipedia.org/wiki/Montesquieu');
INSERT INTO "daily_digest_quote_author" VALUES(50,'Niccolò Machiavelli','https://en.wikipedia.org/wiki/Niccol%C3%B2_Machiavelli');
INSERT INTO "daily_digest_quote_author" VALUES(51,'Michelangelo','https://en.wikipedia.org/wiki/Michelangelo');
INSERT INTO "daily_digest_quote_author" VALUES(52,'Elon Musk','https://en.wikipedia.org/wiki/Elon_Musk');
INSERT INTO "daily_digest_quote_author" VALUES(53,'Peter Thiel','https://en.wikipedia.org/wiki/Peter_Thiel');
INSERT INTO "daily_digest_quote_author" VALUES(54,'B. H. Liddell Hart','https://en.wikipedia.org/wiki/B._H._Liddell_Hart');
INSERT INTO "daily_digest_quote_author" VALUES(55,'Alexander Vandegrift','https://en.wikipedia.org/wiki/Alexander_Vandegrift');
INSERT INTO "daily_digest_quote_author" VALUES(56,'Muhammad Ali','https://en.wikipedia.org/wiki/Muhammad_Ali');
INSERT INTO "daily_digest_quote_author" VALUES(57,'Anatole France','https://en.wikipedia.org/wiki/Anatole_France');
INSERT INTO "daily_digest_quote_author" VALUES(58,'Elbert Hubbard','https://en.wikipedia.org/wiki/Elbert_Hubbard');
INSERT INTO "daily_digest_quote_author" VALUES(59,'Mahatma Gandhi','https://en.wikipedia.org/wiki/Mahatma_Gandhi');
INSERT INTO "daily_digest_quote_author" VALUES(60,'Dr. Seuss','https://en.wikipedia.org/wiki/Dr._Seuss');
INSERT INTO "daily_digest_quote_author" VALUES(61,'Oscar Wilde','https://en.wikipedia.org/wiki/Oscar_Wilde');
INSERT INTO "daily_digest_quote_author" VALUES(62,'Winston Churchill','https://en.wikipedia.org/wiki/Winston_Churchill');
INSERT INTO "daily_digest_quote_author" VALUES(63,'Eminem','https://en.wikipedia.org/wiki/Eminem');
INSERT INTO "daily_digest_quote_author" VALUES(64,'George Orwell','https://en.wikipedia.org/wiki/George_Orwell');
INSERT INTO "daily_digest_quote_author" VALUES(65,'Anne McCaffrey','https://en.wikipedia.org/wiki/Anne_McCaffrey');
INSERT INTO "daily_digest_quote_author" VALUES(66,'Michael Novak','https://en.wikipedia.org/wiki/Michael_Novak');
INSERT INTO "daily_digest_quote_author" VALUES(67,'Herman Hesse','https://en.wikipedia.org/wiki/Hermann_Hesse');
INSERT INTO "daily_digest_quote_author" VALUES(68,'Erma Bombeck','https://en.wikipedia.org/wiki/Erma_Bombeck');
INSERT INTO "daily_digest_quote_author" VALUES(69,'Lao Tzu','https://en.wikipedia.org/wiki/Laozi');
INSERT INTO "daily_digest_quote_author" VALUES(70,'Jeremy Caulfield','');
INSERT INTO "daily_digest_quote_author" VALUES(71,'James Garfield','https://en.wikipedia.org/wiki/James_A._Garfield');
INSERT INTO "daily_digest_quote_author" VALUES(72,'Mother Theresa','https://en.wikipedia.org/wiki/Mother_Teresa');
INSERT INTO "daily_digest_quote_author" VALUES(73,'Edward Hodnett','https://www.kirkusreviews.com/book-reviews/edward-hodnett-6/the-cultivated-mind/');
INSERT INTO "daily_digest_quote_author" VALUES(74,'Malachy McCourt','https://en.wikipedia.org/wiki/Malachy_McCourt');
INSERT INTO "daily_digest_quote_author" VALUES(75,'David Levithan','https://en.wikipedia.org/wiki/David_Levithan');
INSERT INTO "daily_digest_quote_author" VALUES(76,'Vanna Bonta','https://en.wikipedia.org/wiki/Vanna_Bonta');
INSERT INTO "daily_digest_quote_author" VALUES(77,'Edward Albee','https://en.wikipedia.org/wiki/Edward_Albee');
INSERT INTO "daily_digest_quote_author" VALUES(78,'Leonard Sweet','https://en.wikipedia.org/wiki/Leonard_Sweet');
INSERT INTO "daily_digest_quote_author" VALUES(79,'Arthur Miller','https://en.wikipedia.org/wiki/Arthur_Miller');
INSERT INTO "daily_digest_quote_author" VALUES(80,'G. K. Chesterton','https://en.wikipedia.org/wiki/G._K._Chesterton');
INSERT INTO "daily_digest_quote_author" VALUES(81,'Steve Martin','https://en.wikipedia.org/wiki/Steve_Martin');
INSERT INTO "daily_digest_quote_author" VALUES(82,'Steve Jobs','https://en.wikipedia.org/wiki/Steve_Jobs');
INSERT INTO "daily_digest_quote_author" VALUES(83,'Benjamin Franklin','https://en.wikipedia.org/wiki/Benjamin_Franklin');
INSERT INTO "daily_digest_quote_author" VALUES(84,'Eleanor Roosevelt','https://en.wikipedia.org/wiki/Eleanor_Roosevelt');
INSERT INTO "daily_digest_quote_author" VALUES(85,'Obi-Wan Kenobi','https://en.wikipedia.org/wiki/Obi-Wan_Kenobi');
INSERT INTO "daily_digest_quote_author" VALUES(86,'Antoine de Saint-Exupéry','https://en.wikipedia.org/wiki/Antoine_de_Saint-Exup%C3%A9ry');
INSERT INTO "daily_digest_quote_author" VALUES(87,'Buckminster Fuller','https://en.wikipedia.org/wiki/Buckminster_Fuller');
INSERT INTO "daily_digest_quote_author" VALUES(88,'Unknown','https://en.wikipedia.org/wiki/Equation');
INSERT INTO "daily_digest_quote_author" VALUES(89,'Gertrude Stein','https://en.wikipedia.org/wiki/Gertrude_Stein');
INSERT INTO "daily_digest_quote_author" VALUES(90,'Bertha Damon','https://en.wikipedia.org/wiki/Bertha_Damon');
INSERT INTO "daily_digest_quote_author" VALUES(91,'Rita Mae Brown','https://en.wikipedia.org/wiki/Rita_Mae_Brown');
INSERT INTO "daily_digest_quote_author" VALUES(92,'Judith Groch','https://www.kirkusreviews.com/book-reviews/judith-groch/the-right-to-create/');
INSERT INTO "daily_digest_quote_author" VALUES(93,'D. H. Lawrence','https://en.wikipedia.org/wiki/D._H._Lawrence');
INSERT INTO "daily_digest_quote_author" VALUES(94,'Chinese proverb','https://en.wikiquote.org/wiki/Chinese_proverbs');
INSERT INTO "daily_digest_quote_author" VALUES(95,'John Glenn','https://en.wikipedia.org/wiki/John_Glenn');
INSERT INTO "daily_digest_quote_author" VALUES(96,'Marie Curie','https://en.wikipedia.org/wiki/Marie_Curie');
INSERT INTO "daily_digest_quote_author" VALUES(97,'e.e. cummings','https://en.wikipedia.org/wiki/E._E._Cummings');
INSERT INTO "daily_digest_quote_author" VALUES(98,'Laurence Gonzales','https://www.amazon.com/Laurence-Gonzales/e/B000APO8WQ');
INSERT INTO "daily_digest_quote_author" VALUES(99,'Frank Sinatra','https://en.wikipedia.org/wiki/Frank_Sinatra');
INSERT INTO "daily_digest_quote_author" VALUES(100,'Eric Gill','https://en.wikipedia.org/wiki/Eric_Gill');
INSERT INTO "daily_digest_quote_author" VALUES(101,'Émile Durkheim','https://en.wikipedia.org/wiki/%C3%89mile_Durkheim');
INSERT INTO "daily_digest_quote_author" VALUES(102,'Van Wyck Brooks','https://en.wikipedia.org/wiki/Van_Wyck_Brooks');
INSERT INTO "daily_digest_quote_author" VALUES(103,'Gustave Flaubert','https://en.wikipedia.org/wiki/Gustave_Flaubert');
INSERT INTO "daily_digest_quote_author" VALUES(104,'Richard Feynman','https://en.wikipedia.org/wiki/Richard_Feynman');
INSERT INTO "daily_digest_quote_author" VALUES(105,'Mark Strand','https://en.wikipedia.org/wiki/Mark_Strand');
INSERT INTO "daily_digest_quote_author" VALUES(106,'Garrison Keillor','https://en.wikipedia.org/wiki/Garrison_Keillor');
INSERT INTO "daily_digest_quote_author" VALUES(107,'William Shakespeare','https://en.wikipedia.org/wiki/William_Shakespeare');
INSERT INTO "daily_digest_quote_author" VALUES(108,'Seneca','https://en.wikipedia.org/wiki/Seneca_the_Younger');
INSERT INTO "daily_digest_quote_author" VALUES(109,'James Mattis','https://en.wikipedia.org/wiki/James_Mattis');
INSERT INTO "daily_digest_quote_author" VALUES(110,'James A Michener','https://en.wikipedia.org/wiki/James_A._Michener');
INSERT INTO "daily_digest_quote_author" VALUES(111,'Paracelsus','https://en.wikipedia.org/wiki/Paracelsus');
INSERT INTO "daily_digest_quote_author" VALUES(112,'Samuel Butler','https://en.wikipedia.org/wiki/Samuel_Butler_(novelist)');
INSERT INTO "daily_digest_quote_author" VALUES(113,'Huangbo Xiyun','https://en.wikipedia.org/wiki/Huangbo_Xiyun');
CREATE TABLE "daily_digest_quote" ("id" integer NOT NULL PRIMARY KEY AUTOINCREMENT, "quote_text" text NULL, "pub_date" datetime NOT NULL, "times_served" smallint unsigned NOT NULL, "votes" smallint unsigned NOT NULL, "quote_author_id_id" integer NOT NULL REFERENCES "daily_digest_quote_author" ("id"), "submitter" varchar(100) NULL, "date_last_served" datetime NOT NULL);
INSERT INTO "daily_digest_quote" VALUES(1,'Our greatest glory is not in never falling, but in rising every time we fall.','2016-08-23 03:09:36',2,0,1,'','2016-12-18 11:56:30');
INSERT INTO "daily_digest_quote" VALUES(2,'I hear and I forget. I see and I remember. I do and I understand.','2016-08-23 03:19:10',2,0,1,'','2016-12-19 11:56:44');
INSERT INTO "daily_digest_quote" VALUES(3,'Peace cannot be kept by force; it can only be achieved by understanding.','2016-08-23 03:20:50',2,0,2,'','2017-01-12 12:54:37');
INSERT INTO "daily_digest_quote" VALUES(4,'All of our humanity is dependent upon recognizing the humanity in others.','2016-08-24 01:53:40',2,0,4,'','2016-12-14 15:09:37');
INSERT INTO "daily_digest_quote" VALUES(5,'Losing an illusion makes you wiser than finding a truth.','2016-08-24 01:54:12',2,0,3,'','2016-12-21 11:56:35');
INSERT INTO "daily_digest_quote" VALUES(7,'The difficulty lies not in the new ideas but in escaping from the old ones.','2016-08-31 01:43:41',2,0,5,'','2016-12-10 11:56:25');
INSERT INTO "daily_digest_quote" VALUES(8,'Knowledge of the past, gives men the courage to face the future.','2016-08-31 01:46:02',2,0,6,'','2017-01-06 12:54:45');
INSERT INTO "daily_digest_quote" VALUES(9,'Is not man born with a love of change?','2016-08-31 01:55:03',2,0,7,'','2016-12-15 13:24:35');
INSERT INTO "daily_digest_quote" VALUES(10,'It is not the strongest of the species who will survive, nor will it be the most intelligent, but rather those most responsive to change.','2016-08-31 01:57:05',2,0,8,'','2016-12-27 11:56:34');
INSERT INTO "daily_digest_quote" VALUES(11,'There''s nothing more important than our good health - that''s our principal capital asset.','2016-08-31 01:58:19',2,0,9,'','2016-12-12 11:56:24');
INSERT INTO "daily_digest_quote" VALUES(12,'Most folks are as happy as they make up their minds to be.','2016-08-31 01:59:50',2,0,10,'','2016-12-09 11:56:39');
INSERT INTO "daily_digest_quote" VALUES(13,'Either you run the day or the day runs you.','2016-08-31 02:01:13',2,0,11,'','2017-02-02 12:54:37');
INSERT INTO "daily_digest_quote" VALUES(14,'The secret of getting ahead is getting started.','2016-08-31 02:02:31',2,0,12,'','2016-12-29 11:56:35');
INSERT INTO "daily_digest_quote" VALUES(15,'There is nothing on this earth more to be prized than true friendship.','2016-08-31 02:03:55',2,0,13,'','2017-01-01 11:59:53');
INSERT INTO "daily_digest_quote" VALUES(16,'Happiness is not something ready made. It comes from your own actions.','2016-08-31 02:05:49',2,0,14,'','2016-12-31 11:56:31');
INSERT INTO "daily_digest_quote" VALUES(17,'Happiness is good health and a bad memory.','2016-08-31 02:06:55',2,0,15,'','2016-12-13 11:56:28');
INSERT INTO "daily_digest_quote" VALUES(18,'Friendship is always a sweet responsibility, never an opportunity.','2016-08-31 02:08:23',2,0,16,'','2016-12-16 11:56:27');
INSERT INTO "daily_digest_quote" VALUES(19,'Very little is needed to make a happy life; it is all within yourself, in your way of thinking.','2016-08-31 03:48:11',2,0,17,'','2017-01-04 11:56:55');
INSERT INTO "daily_digest_quote" VALUES(20,'We do not remember days, we remember moments.','2016-08-31 03:49:21',2,0,18,'','2016-12-17 11:56:44');
INSERT INTO "daily_digest_quote" VALUES(21,'If you can dream it, you can do it.','2016-08-31 03:50:33',2,0,19,'','2017-03-06 12:54:51');
INSERT INTO "daily_digest_quote" VALUES(22,'Do not dwell in the past, do not dream of the future, concentrate the mind on the present moment.','2016-08-31 03:58:46',2,0,20,'','2016-12-14 11:56:28');
INSERT INTO "daily_digest_quote" VALUES(23,'The only way to have a friend is to be one.','2016-08-31 04:00:19',2,0,21,'','2016-12-11 11:56:28');
INSERT INTO "daily_digest_quote" VALUES(24,'Our greatest weakness lies in giving up. The most certain way to succeed is always to try just one more time.','2016-08-31 04:01:22',2,0,22,'','2017-01-30 12:54:43');
INSERT INTO "daily_digest_quote" VALUES(25,'It does not matter how slowly you go as long as you do not stop.','2016-08-31 04:01:48',2,0,1,'','2016-12-28 11:56:30');
INSERT INTO "daily_digest_quote" VALUES(26,'Nature is a mutable cloud which is always and never the same.','2016-08-31 04:02:31',2,0,21,'','2016-12-25 11:57:02');
INSERT INTO "daily_digest_quote" VALUES(27,'The purpose of our lives is to be happy.','2016-08-31 04:02:56',2,0,14,'','2017-01-09 12:54:37');
INSERT INTO "daily_digest_quote" VALUES(28,'Peace cannot be kept by force; it can only be achieved by understanding.','2016-08-31 04:03:34',2,0,2,'','2016-12-15 11:56:25');
INSERT INTO "daily_digest_quote" VALUES(29,'Never do anything when you are in a temper, for you will do everything wrong.','2016-08-31 04:04:41',2,0,23,'','2017-01-11 12:54:42');
INSERT INTO "daily_digest_quote" VALUES(30,'We get paid for bringing value to the marketplace. It takes time to bring value to the marketplace, but we get paid for the value, not the time.','2016-08-31 04:05:15',2,0,11,'','2016-12-26 11:56:25');
INSERT INTO "daily_digest_quote" VALUES(31,'Always act in a way that increases the options.','2016-08-31 04:06:42',2,0,24,'','2016-12-23 11:56:36');
INSERT INTO "daily_digest_quote" VALUES(32,'All truth passes through three stages. First, it is ridiculed. Second, it is violently opposed. Third, it is accepted as being self-evident.','2016-08-31 04:07:54',2,0,25,'','2016-12-20 11:56:28');
INSERT INTO "daily_digest_quote" VALUES(33,'You have your way. I have my way. As for the right way, the correct way, and the only way, it does not exist.','2016-08-31 04:09:27',2,0,26,'','2016-12-22 11:56:36');
INSERT INTO "daily_digest_quote" VALUES(34,'A human being should be able to change a diaper, plan an invasion, butcher a hog, conn a ship, design a building, write a sonnet, balance accounts, build a wall, set a bone, comfort the dying, take orders, give orders, cooperate, act alone, solve equations, analyze a new problem, pitch manure, program a computer, cook a tasty meal, fight efficiently, die gallantly. Specialization is for insects.','2016-08-31 04:11:00',2,0,27,'','2017-01-07 12:54:41');
INSERT INTO "daily_digest_quote" VALUES(35,'The language of friendship is not words but meanings.','2016-08-31 04:12:51',2,0,28,'','2017-01-10 12:54:39');
INSERT INTO "daily_digest_quote" VALUES(36,'What can be asserted without evidence can be dismissed without evidence.','2016-08-31 04:14:31',2,0,29,'','2017-03-19 11:52:52');
INSERT INTO "daily_digest_quote" VALUES(37,'Always go to other people''s funerals, otherwise they won''t come to yours.','2016-08-31 04:16:03',2,0,30,'','2017-02-09 12:54:50');
INSERT INTO "daily_digest_quote" VALUES(38,'There can be no progress without head-on confrontation.','2016-08-31 04:16:46',2,0,29,'','2017-01-02 11:56:34');
INSERT INTO "daily_digest_quote" VALUES(39,'Discontent is the first necessity of progress.','2016-08-31 04:17:24',2,0,22,'','2016-12-24 11:56:24');
INSERT INTO "daily_digest_quote" VALUES(40,'Life is really simple, but we insist on making it complicated.','2016-08-31 04:17:57',2,0,1,'','2017-01-03 11:56:58');
INSERT INTO "daily_digest_quote" VALUES(41,'It is the mark of an educated mind to be able to entertain a thought without accepting it.','2016-08-31 04:19:09',2,0,31,'','2017-03-08 12:54:50');
INSERT INTO "daily_digest_quote" VALUES(42,'Great spirits have always encountered violent opposition from mediocre minds.','2016-08-31 04:20:03',2,0,2,'','2017-02-12 12:55:06');
INSERT INTO "daily_digest_quote" VALUES(43,'It is a shame for a man to grow old without seeing the beauty and strength of which his body is capable.','2016-08-31 04:21:41',2,0,32,'','2017-01-05 11:56:37');
INSERT INTO "daily_digest_quote" VALUES(44,'Happiness depends upon ourselves.','2016-08-31 04:23:05',2,0,31,'','2016-12-30 11:56:27');
INSERT INTO "daily_digest_quote" VALUES(45,'Simplicity is the ultimate sophistication.','2016-08-31 04:24:19',2,0,33,'','2017-01-15 12:54:36');
INSERT INTO "daily_digest_quote" VALUES(46,'It is dangerous to be right in matters on which the established authorities are wrong.','2016-08-31 04:25:32',2,0,34,'','2017-01-18 12:54:44');
INSERT INTO "daily_digest_quote" VALUES(47,'To enjoy good health, to bring true happiness to one''s family, to bring peace to all, one must first discipline and control one''s own mind. If a man can control his mind he can find the way to Enlightenment, and all wisdom and virtue will naturally come to him.','2016-08-31 04:26:14',2,0,20,'','2017-02-01 12:54:41');
INSERT INTO "daily_digest_quote" VALUES(48,'Silence is a true friend who never betrays.','2016-08-31 04:26:41',2,0,1,'','2017-01-13 12:54:42');
INSERT INTO "daily_digest_quote" VALUES(49,'To find yourself, think for yourself.','2016-08-31 04:27:05',2,0,32,'','2017-01-16 12:54:47');
INSERT INTO "daily_digest_quote" VALUES(50,'The noblest pleasure is the joy of understanding.','2016-08-31 04:27:39',2,0,33,'','2017-01-17 12:54:49');
INSERT INTO "daily_digest_quote" VALUES(51,'Think for yourselves and let others enjoy the privilege to do so, too.','2016-08-31 04:28:04',2,0,34,'','2017-02-13 12:55:14');
INSERT INTO "daily_digest_quote" VALUES(52,'Our greatest glory is not in never falling, but in rising every time we fall.','2016-08-31 23:15:46',2,0,1,'','2017-03-10 12:54:50');
INSERT INTO "daily_digest_quote" VALUES(53,'I hear and I forget. I see and I remember. I do and I understand.','2016-08-31 23:17:27',2,0,1,'','2017-01-07 15:42:53');
INSERT INTO "daily_digest_quote" VALUES(54,'Wheresoever you go, go with all your heart.','2016-08-31 23:17:55',2,0,1,'','2017-01-07 16:08:34');
INSERT INTO "daily_digest_quote" VALUES(55,'Before you embark on a journey of revenge, dig two graves.','2016-08-31 23:18:36',2,0,1,'','2017-02-05 12:54:53');
INSERT INTO "daily_digest_quote" VALUES(56,'When it is obvious that the goals cannot be reached, don''t adjust the goals, adjust the action steps.','2016-08-31 23:18:55',2,0,1,'','2017-01-08 12:54:40');
INSERT INTO "daily_digest_quote" VALUES(57,'When anger rises, think of the consequences.','2016-08-31 23:19:18',2,0,1,'','2017-03-14 12:54:59');
INSERT INTO "daily_digest_quote" VALUES(58,'Respect yourself and others will respect you.','2016-08-31 23:19:37',2,0,1,'','2017-02-14 12:55:06');
INSERT INTO "daily_digest_quote" VALUES(59,'Real knowledge is to know the extent of one''s ignorance.','2016-08-31 23:19:54',2,0,1,'','2017-03-11 12:55:09');
INSERT INTO "daily_digest_quote" VALUES(60,'Learn as though you would never be able to master it; hold it as though you would be in fear of losing it.','2016-08-31 23:20:11',2,0,1,'','2017-03-17 11:53:03');
INSERT INTO "daily_digest_quote" VALUES(61,'Forget injuries, never forget kindnesses.','2016-08-31 23:20:30',2,0,1,'','2017-03-13 12:54:56');
INSERT INTO "daily_digest_quote" VALUES(62,'By three methods we may learn wisdom: First, by reflection, which is noblest; Second, by imitation, which is easiest; and third by experience, which is the bitterest.','2016-08-31 23:20:49',2,0,1,'','2017-01-14 12:54:44');
INSERT INTO "daily_digest_quote" VALUES(63,'True wisdom comes to each of us when we realize how little we understand about life, ourselves, and the world around us.','2016-08-31 23:22:59',2,0,32,'','2017-03-15 12:54:59');
INSERT INTO "daily_digest_quote" VALUES(64,'A little thought and a little kindness is often worth more than a great deal of money.','2016-08-31 23:23:22',2,0,35,'','2017-03-16 12:13:47');
INSERT INTO "daily_digest_quote" VALUES(65,'The greatest minds are capable of the greatest vices as well as of the greatest virtues.','2016-08-31 23:23:59',2,0,36,'','2017-03-20 11:52:51');
INSERT INTO "daily_digest_quote" VALUES(66,'Prejudices are what fools use for reason.','2016-08-31 23:27:56',2,0,34,'','2017-03-18 11:52:53');
INSERT INTO "daily_digest_quote" VALUES(67,'Every man is guilty of all the good he did not do.','2016-08-31 23:28:18',2,0,34,'','2017-03-21 11:52:55');
INSERT INTO "daily_digest_quote" VALUES(68,'Courage, above all things, is the first quality of a warrior.','2016-09-01 15:18:55',2,0,37,'','2017-03-24 11:53:07');
INSERT INTO "daily_digest_quote" VALUES(69,'The illiterate of the 21st century will not be those who cannot read and write, but those who cannot learn, unlearn, and relearn.','2016-09-01 16:54:16',2,0,38,'','2017-03-22 11:52:57');
INSERT INTO "daily_digest_quote" VALUES(70,'We are what we repeatedly do. Excellence, then, is not an act, but a habit.','2016-09-02 17:22:09',2,0,39,'','2017-03-25 11:52:35');
INSERT INTO "daily_digest_quote" VALUES(71,'We can easily forgive a child who is afraid of the dark; the real tragedy of life is when men are afraid of the light.','2016-09-02 17:22:45',2,0,40,'','2017-03-23 11:52:53');
INSERT INTO "daily_digest_quote" VALUES(72,'The highest activity a human being can attain is learning for understanding, because to understand is to be free.','2016-09-02 17:24:26',2,0,41,'','2017-04-03 11:53:03');
INSERT INTO "daily_digest_quote" VALUES(73,'Tact is the knack of making a point without making an enemy.','2016-09-02 17:26:30',2,0,42,'','2017-03-29 11:52:53');
INSERT INTO "daily_digest_quote" VALUES(74,'Insults are the arguments employed by those who are in the wrong.','2016-09-02 17:28:45',2,0,43,'','2017-03-27 11:52:40');
INSERT INTO "daily_digest_quote" VALUES(75,'Education is a progressive discovery of our own ignorance.','2016-09-02 21:17:06',2,0,44,'','2017-03-28 11:52:39');
INSERT INTO "daily_digest_quote" VALUES(76,'Action is the foundational key to all success.','2016-09-02 21:18:39',2,0,45,'','2017-03-30 11:52:41');
INSERT INTO "daily_digest_quote" VALUES(77,'If you want to be loved, be lovable.','2016-09-02 21:20:37',2,0,46,'','2017-04-16 11:52:49');
INSERT INTO "daily_digest_quote" VALUES(78,'Let food be thy medicine and medicine be thy food.','2016-09-02 21:25:03',2,0,47,'','2017-04-01 11:52:55');
INSERT INTO "daily_digest_quote" VALUES(79,'At some point, everything''s going to go south on you.  You''re going to say, "This is it.  This is how I end."  Now, you can either accept that or you can get to work.

You solve one problem, then you solve the next problem, and the next, and if you solve enough problems, you get to go home.','2016-09-07 21:38:17',2,0,48,'','2017-04-08 11:52:53');
INSERT INTO "daily_digest_quote" VALUES(80,'The tyranny of a prince in an oligarchy is not so dangerous to the public welfare as the apathy of a citizen in a democracy.','2016-09-07 21:44:22',2,0,49,'','2017-04-02 11:52:54');
INSERT INTO "daily_digest_quote" VALUES(81,'The first method for estimating the intelligence of a ruler is to look at the men he has around him.','2016-09-07 21:45:42',2,0,50,'','2017-04-04 11:53:01');
INSERT INTO "daily_digest_quote" VALUES(82,'Art is never finished, only abandoned.','2016-09-07 21:46:29',2,0,33,'','2017-04-05 11:52:55');
INSERT INTO "daily_digest_quote" VALUES(83,'Everything you can imagine is real.','2016-09-07 21:47:13',2,0,45,'','2017-04-07 11:52:49');
INSERT INTO "daily_digest_quote" VALUES(84,'Action is the foundational key to all success.','2016-09-07 21:47:38',2,0,45,'','2017-04-06 11:52:54');
INSERT INTO "daily_digest_quote" VALUES(85,'I saw the angel in the marble and carved until I set him free.','2016-09-07 21:49:00',2,0,51,'','2017-04-17 11:52:50');
INSERT INTO "daily_digest_quote" VALUES(86,'When you come to a fork in the road, take it.','2016-09-07 21:49:37',2,0,30,'','2017-04-09 11:52:48');
INSERT INTO "daily_digest_quote" VALUES(87,'You can observe a lot by just watching.','2016-09-07 21:50:00',2,0,30,'','2017-04-11 11:52:51');
INSERT INTO "daily_digest_quote" VALUES(88,'It ain''t over till it''s over.','2016-09-07 21:50:21',2,0,30,'','2017-04-13 11:52:51');
INSERT INTO "daily_digest_quote" VALUES(89,'No one goes there nowadays, it’s too crowded.','2016-09-07 21:50:44',2,0,30,'','2017-04-10 11:53:10');
INSERT INTO "daily_digest_quote" VALUES(90,'Baseball is ninety percent mental and the other half is physical.','2016-09-07 21:51:06',2,0,30,'','2017-04-15 11:52:50');
INSERT INTO "daily_digest_quote" VALUES(91,'Cure sometimes, treat often, comfort always.','2016-09-07 21:51:57',2,0,47,'','2017-04-12 11:52:50');
INSERT INTO "daily_digest_quote" VALUES(92,'The first step is to establish that something is possible; then probability will occur.','2016-09-08 20:13:34',2,0,52,'','2017-04-14 11:52:57');
INSERT INTO "daily_digest_quote" VALUES(93,'If your product requires advertising or salespeople to sell it, it’s not good enough: technology is primarily about product development, not distribution.','2016-09-08 20:15:03',2,0,53,'','2017-04-18 11:52:47');
INSERT INTO "daily_digest_quote" VALUES(94,'In [conflict] the chief incalculable is the human will.','2016-09-08 20:16:26',2,0,54,'','2017-04-19 11:52:55');
INSERT INTO "daily_digest_quote" VALUES(95,'Positions are seldom lost because they have been destroyed, but almost invariably because the leader has decided in his own mind that the position cannot be held.','2016-09-08 20:20:17',2,0,55,'','2017-04-20 11:52:56');
INSERT INTO "daily_digest_quote" VALUES(96,'Service to others is the rent you pay for your room here on earth.','2016-09-08 20:21:43',2,0,56,'','2017-04-24 11:53:12');
INSERT INTO "daily_digest_quote" VALUES(97,'If the path be beautiful, let us not ask where it leads.','2016-09-08 20:23:22',2,0,57,'','2017-04-30 11:52:40');
INSERT INTO "daily_digest_quote" VALUES(98,'Thousands of geniuses live and die undiscovered - either by themselves or by others.','2016-09-08 20:23:58',2,0,12,'','2017-04-23 11:53:05');
INSERT INTO "daily_digest_quote" VALUES(99,'Do not take life too seriously. You will never get out of it alive.','2016-09-08 20:25:28',2,0,58,'','2017-04-22 11:52:54');
INSERT INTO "daily_digest_quote" VALUES(100,'Happiness is when what you think, what you say, and what you do are in harmony.','2016-09-08 20:27:00',2,0,59,'','2017-04-21 11:52:56');
INSERT INTO "daily_digest_quote" VALUES(101,'Sleep is the best meditation.','2016-09-08 20:27:38',2,0,14,'','2017-05-05 11:52:55');
INSERT INTO "daily_digest_quote" VALUES(102,'You''re in pretty good shape for the shape you are in.','2016-09-08 20:29:16',2,0,60,'','2017-04-27 11:52:50');
INSERT INTO "daily_digest_quote" VALUES(103,'My life is my message.','2016-09-08 20:32:10',2,0,59,'','2017-05-07 11:52:57');
INSERT INTO "daily_digest_quote" VALUES(104,'I can resist everything except temptation.','2016-09-08 20:33:17',2,0,61,'','2017-04-25 11:52:44');
INSERT INTO "daily_digest_quote" VALUES(105,'You have enemies? Good. That means you''ve stood up for something, sometime in your life.','2016-09-08 20:45:41',2,0,62,'','2017-04-26 11:52:46');
INSERT INTO "daily_digest_quote" VALUES(106,'The truth is you don''t know what is going to happen tomorrow. Life is a crazy ride, and nothing is guaranteed.','2016-09-08 21:22:42',2,0,63,'','2017-04-28 11:52:52');
INSERT INTO "daily_digest_quote" VALUES(107,'Happiness can exist only in acceptance.','2016-09-08 21:24:51',2,0,64,'','2017-04-29 11:52:43');
INSERT INTO "daily_digest_quote" VALUES(108,'Make no judgements where you have no compassion.','2016-09-08 21:40:10',2,0,65,'','2017-05-15 11:52:58');
INSERT INTO "daily_digest_quote" VALUES(109,'Love is a willingness to sacrifice.','2016-09-08 21:41:33',2,0,66,'','2017-05-01 11:52:59');
INSERT INTO "daily_digest_quote" VALUES(110,'Some of us think holding on makes us strong, but sometimes it is letting go.','2016-09-08 21:42:46',2,0,67,'','2017-05-06 11:52:53');
INSERT INTO "daily_digest_quote" VALUES(111,'Guilt: The gift that keeps on giving.','2016-09-08 21:46:22',2,0,68,'','2017-05-02 11:53:00');
INSERT INTO "daily_digest_quote" VALUES(112,'The master understands that the universe is forever out of control.','2016-09-08 21:50:30',2,0,69,'','2017-05-13 11:52:56');
INSERT INTO "daily_digest_quote" VALUES(113,'Our biggest problems arise from the avoidance of smaller ones.','2016-09-08 21:55:01',2,0,70,'','2017-05-18 11:53:06');
INSERT INTO "daily_digest_quote" VALUES(114,'The truth will set you free, but first it will make you miserable.','2016-09-13 01:04:49',2,0,71,'','2017-05-08 11:53:05');
INSERT INTO "daily_digest_quote" VALUES(115,'Honesty and transparency make you vulnerable.  Be honest and transparent anyway.','2016-09-13 01:06:06',2,0,72,'','2017-05-11 11:53:01');
INSERT INTO "daily_digest_quote" VALUES(116,'If you don''t ask the right questions, you do not get the right answers.','2016-09-13 01:08:17',2,0,73,'','2017-05-09 11:53:03');
INSERT INTO "daily_digest_quote" VALUES(117,'Resentment is like taking poison and waiting for the other person to die.','2016-09-13 01:09:15',2,0,74,'','2017-05-10 11:53:00');
INSERT INTO "daily_digest_quote" VALUES(118,'The mistake is thinking that there can be an antidote to the uncertainty.','2016-09-13 01:10:20',2,0,75,'','2017-05-12 11:52:53');
INSERT INTO "daily_digest_quote" VALUES(119,'Truth may sometimes hurt, but delusion harms.','2016-09-13 01:11:29',2,0,76,'','2017-05-16 11:52:59');
INSERT INTO "daily_digest_quote" VALUES(120,'Sometimes it''s necessary to go a long distance out of the way to come back a short distance correctly.','2016-09-13 01:12:26',2,0,77,'','2017-05-17 11:57:00');
INSERT INTO "daily_digest_quote" VALUES(121,'Stagnation is death.  If you don''t change, you die.  It''s that simple.  It''s that scary.','2016-09-13 01:13:25',2,0,78,'','2017-05-14 11:52:54');
INSERT INTO "daily_digest_quote" VALUES(122,'Maybe all one can do is hope to end up with the right regrets.','2016-09-13 01:14:45',1,0,79,'','2016-10-13 11:53:27');
INSERT INTO "daily_digest_quote" VALUES(123,'We are all in the same boat, in a stormy sea, and we owe each other a terrible loyalty.','2016-09-13 01:15:52',1,0,80,'','2016-10-15 11:54:16');
INSERT INTO "daily_digest_quote" VALUES(124,'Be so good they can''t ignore you.','2016-09-13 01:16:48',1,0,81,'','2017-02-04 12:54:38');
INSERT INTO "daily_digest_quote" VALUES(125,'Innovation distinguishes between a leader and a follower.','2016-09-13 01:17:48',1,0,82,'','2016-10-18 11:53:26');
INSERT INTO "daily_digest_quote" VALUES(126,'Is not life a thousand times too short for us to bore ourselves?','2016-09-13 01:20:59',1,0,26,'','2016-10-17 11:53:54');
INSERT INTO "daily_digest_quote" VALUES(127,'Life''s tragedy is that we get old too soon and wise too late.','2016-09-13 01:22:11',1,0,83,'','2017-01-28 12:54:44');
INSERT INTO "daily_digest_quote" VALUES(128,'It is better to light a candle than curse the darkness.','2016-09-13 01:23:11',1,0,84,'','2017-01-31 12:54:44');
INSERT INTO "daily_digest_quote" VALUES(129,'Many of the truths that we cling to depend entirely on our point of view.','2016-09-13 01:28:04',1,0,85,'','2017-01-23 12:54:51');
INSERT INTO "daily_digest_quote" VALUES(130,'Each man must look to himself to teach him the meaning of life.  It is not something discovered, it is something molded.','2016-09-13 01:30:46',1,0,86,'','2016-10-19 11:53:23');
INSERT INTO "daily_digest_quote" VALUES(131,'To change something, build a new model that makes the existing model obsolete.','2016-09-13 03:56:36',1,0,87,'','2017-03-02 12:54:53');
INSERT INTO "daily_digest_quote" VALUES(132,'What would you attempt to do if you knew that you could not fail?','2016-09-13 16:10:40',1,0,88,'','2017-01-27 12:54:43');
INSERT INTO "daily_digest_quote" VALUES(133,'A person is not old until her regrets take the place of her dreams.','2016-09-13 16:11:21',1,0,88,'','2016-10-22 11:53:43');
INSERT INTO "daily_digest_quote" VALUES(134,'Everybody gets so much information all day long that they lose their commonsense.','2016-09-13 16:12:29',1,0,89,'','2017-03-04 12:54:47');
INSERT INTO "daily_digest_quote" VALUES(135,'Getting what you go after is success; but liking it while you are getting it is happiness.','2016-09-13 16:13:36',1,0,90,'','2017-03-07 12:54:52');
INSERT INTO "daily_digest_quote" VALUES(136,'The reward for conformity is that everyone likes you except for yourself.','2016-09-13 16:14:56',1,0,91,'','2017-03-03 12:54:51');
INSERT INTO "daily_digest_quote" VALUES(137,'Those who have been required to memorize the world as it is, will never create the world as it might be.','2016-09-13 16:16:12',1,0,92,'','2017-01-25 12:54:49');
INSERT INTO "daily_digest_quote" VALUES(138,'Life is ours to be spent, not to be saved.','2016-09-13 16:18:03',1,0,93,'','2017-01-26 16:21:48');
INSERT INTO "daily_digest_quote" VALUES(139,'Make happy those that are near, and those who are far will come.','2016-09-13 16:19:19',1,0,94,'','2017-02-11 12:55:01');
INSERT INTO "daily_digest_quote" VALUES(140,'People are afraid of the future, of the unknown.  If a man faces up to it, and takes the dare of the future, he can have some control over his destiny.  That''s an exciting idea to me, better than waiting with everybody else to see what''s going to happen.','2016-09-13 16:20:42',1,0,95,'','2017-03-09 12:54:53');
INSERT INTO "daily_digest_quote" VALUES(141,'Nothing in life is to be feared.  It is only to be understood.','2016-09-13 16:21:55',2,0,96,'','2016-11-21 11:56:46');
INSERT INTO "daily_digest_quote" VALUES(142,'to be nobody but yourself - in a world which is doing its best, night and day, to make you everybody else - means to fight the hardest battle which any human being can fight, and never stop fighting.','2016-09-13 16:23:12',5,0,97,'','2016-11-19 11:56:39');
INSERT INTO "daily_digest_quote" VALUES(143,'The thought manifests itself as the word.  The word manifests as the deed.  The deed develops into habit.  Habit hardens into character.  So watch the thought and its way with care, and let it spring from love born out of concern for all beings.','2016-09-13 16:23:40',6,0,20,'','2016-12-06 11:56:40');
INSERT INTO "daily_digest_quote" VALUES(144,'We think we believe what we know, but we only truly believe what we feel.','2016-09-13 16:26:10',1,0,98,'','2016-11-23 11:56:38');
INSERT INTO "daily_digest_quote" VALUES(145,'The big lesson in life, baby, is never be scared of anyone or anything.','2016-09-14 18:57:04',4,0,99,'','2016-12-01 11:56:38');
INSERT INTO "daily_digest_quote" VALUES(146,'If you look after truth and goodness, beauty looks after herself.','2016-10-22 13:15:23',9,0,100,'','2016-12-07 11:56:51');
INSERT INTO "daily_digest_quote" VALUES(147,'Categories such as time, space, cause and number represent the most general relations which exist between things; surpassing all our other ideas in extension, they dominate all the details of our intellectual life.  If humankind did not agree upon these essential ideas at every moment, if they did not have the same conception of time, space, cause and number, all contact between their minds would be impossible...','2016-10-22 13:22:11',4,0,101,'','2016-11-28 11:56:36');
INSERT INTO "daily_digest_quote" VALUES(148,'It is a principle that shines impartially on the just and the unjust that once you have a point of view all history will back you up.','2016-10-22 13:26:42',3,0,102,'','2016-11-27 11:56:38');
INSERT INTO "daily_digest_quote" VALUES(149,'The rage for wanting to conclude is one of the most deadly and most fruitless manias to befall humanity.  Each religion and each philosophy has pretended to have God to itself, to measure the infinite and to know the recipe for happiness.  What arrogance and what nonsense!  I see, to the contrary, that the greatest geniuses and the greatest works have never concluded.','2016-10-22 13:28:40',5,0,103,'','2016-11-18 11:56:40');
INSERT INTO "daily_digest_quote" VALUES(150,'For a successful technology, reality must take precedence over public relations, for Nature cannot be fooled.','2016-10-22 13:31:34',7,0,104,'','2016-12-08 11:56:38');
INSERT INTO "daily_digest_quote" VALUES(151,'The future is always beginning now.','2017-01-05 23:32:05',1,0,105,'Alex','2017-03-31 11:52:37');
INSERT INTO "daily_digest_quote" VALUES(152,'Some people die at 25 and aren''t buried until 75.','2017-01-05 23:32:40',1,0,83,'Alex','2017-02-07 12:54:59');
INSERT INTO "daily_digest_quote" VALUES(153,'I believe in looking reality straight in the eye and denying it.','2017-01-07 21:58:47',1,0,106,'Alex','2017-01-24 12:54:51');
INSERT INTO "daily_digest_quote" VALUES(154,'What do you care what other people think?','2017-01-11 14:07:29',1,0,104,'Alex','2017-01-19 12:54:43');
INSERT INTO "daily_digest_quote" VALUES(155,'No more roundabout discussion of what makes a good person.  Be one!  If it is not right, don''t do it; if it is not true, don''t say it.','2017-01-17 00:42:06',1,0,17,'Alex','2017-02-08 12:54:39');
INSERT INTO "daily_digest_quote" VALUES(156,'Nothing in this world is good or bad, but thinking makes it so.','2017-01-18 21:45:36',1,0,107,'Alex','2017-01-29 12:54:38');
INSERT INTO "daily_digest_quote" VALUES(157,'We suffer more in imagination than reality.','2017-01-19 13:05:12',1,0,108,'Alex','2017-01-22 12:54:46');
INSERT INTO "daily_digest_quote" VALUES(158,'Be polite, be professional, but have a plan to kill everybody you meet.','2017-01-21 18:05:32',1,0,109,'Alex','2017-02-06 12:54:54');
INSERT INTO "daily_digest_quote" VALUES(159,'Don''t cling to a mistake just because you spent a lot of time making it.','2017-01-31 23:59:04',1,0,88,'Alex','2017-02-10 12:54:40');
INSERT INTO "daily_digest_quote" VALUES(160,'Life has taught us that love does not consist in gazing at each other but in looking outward together in the same direction.','2017-02-15 14:38:31',1,0,86,'Alex Kelley','2017-03-12 12:54:48');
INSERT INTO "daily_digest_quote" VALUES(161,'Character consists of what you do on the third and fourth tries.','2017-02-28 12:38:19',1,0,110,'Alex Kelley','2017-03-05 12:54:55');
INSERT INTO "daily_digest_quote" VALUES(162,'All is interrelated.  Heaven and earth, air and water.  All are but one thing; not four, not two and not three, but one.  Where they are not together, there is only an incomplete piece.','2017-03-16 12:09:42',1,0,111,'Alex Kelley','2017-03-26 11:52:35');
INSERT INTO "daily_digest_quote" VALUES(163,'To do great work a man must be very idle as well as very industrious.','2017-05-02 18:03:43',1,0,112,'Elizabeth Rogers','2017-05-03 11:52:57');
INSERT INTO "daily_digest_quote" VALUES(164,'The foolish reject what they see and not what they think; the wise reject what they think and not what they see.','2017-05-02 18:04:18',1,0,113,'Elizabeth Rogers','2017-05-04 11:53:01');
INSERT INTO "daily_digest_quote" VALUES(165,'Remind yourself that it is not the future or what has passed that afflicts you, but always the present.','2017-05-18 18:24:56',0,0,17,'Alex Kelley','2017-05-18 18:24:25');
INSERT INTO "daily_digest_quote" VALUES(166,'What''s gone and what''s past help should be past grief. (The Winter''s Tale)','2017-05-18 18:32:58',0,0,107,'Alex Kelley','2017-05-18 18:25:04');
INSERT INTO "daily_digest_quote" VALUES(167,'All disturbances arise solely from the opinions within us.','2017-05-18 18:35:20',0,0,17,'Alex Kelley','2017-05-18 18:33:06');
INSERT INTO "daily_digest_quote" VALUES(168,'The robbed that smiles, steals something from the thief. (Othello)','2017-05-18 18:43:30',0,0,107,'Alex Kelley','2017-05-18 18:36:02');
INSERT INTO "daily_digest_quote" VALUES(169,'As if you had died and your life had extended only to this present moment, use the surplus that is left to you to live from this time onward according to nature.','2017-05-18 18:43:49',0,0,17,'Alex Kelley','2017-05-18 18:43:37');
INSERT INTO "daily_digest_quote" VALUES(170,'I wasted time and now doth time waste me. (Richard II)','2017-05-18 18:47:39',0,0,107,'Alex Kelley','2017-05-18 18:44:56');
INSERT INTO "daily_digest_quote" VALUES(171,'Refer your action to no other end than the common good.','2017-05-18 18:48:32',0,0,17,'Alex Kelley','2017-05-18 18:47:46');
INSERT INTO "daily_digest_quote" VALUES(172,'Love all, trust a few, do wrong to none. (All''s Well That Ends Well)','2017-05-18 18:49:51',0,0,107,'Alex Kelley','2017-05-18 18:48:38');
INSERT INTO "daily_digest_quote" VALUES(173,'Reputation is an idle and most false imposition, oft got without merit and lost without deserving.  You have lost no reputation at all unless you repute yourself such a loser.  (Othello)','2017-05-18 18:52:19',0,0,107,'Alex Kelley','2017-05-18 18:50:08');
INSERT INTO "daily_digest_quote" VALUES(174,'Do little, if you want contentment of mind.','2017-05-18 18:53:05',0,0,17,'Alex Kelley','2017-05-18 18:52:24');
INSERT INTO "daily_digest_quote" VALUES(175,'Wisely and slow; they stumble that run fast.  (Romeo and Juliet)','2017-05-18 18:53:52',0,0,107,'Alex Kelley','2017-05-18 18:53:10');
CREATE TABLE "daily_digest_exercise" ("id" integer NOT NULL PRIMARY KEY AUTOINCREMENT, "name" varchar(100) NULL, "description" text NULL, "demo_url" varchar(200) NULL, "times_served" smallint unsigned NOT NULL, "votes" smallint unsigned NOT NULL, "date_last_served" datetime NOT NULL);
INSERT INTO "daily_digest_exercise" VALUES(1,'Hindu Pushup','Set your feet wider than hips.  Bend over into a downward facing dog with hands wider than shoulders on the floor.  Drive your head down and through your hands into an upward facing dog.  Return to starting position and repeat 20 times.','https://www.youtube.com/watch?v=vQsQAiE0NQo',14,0,'2017-05-17 11:57:00');
INSERT INTO "daily_digest_exercise" VALUES(2,'Hollow Rocking','Lay down with arms on the floor straight over head.  Form a banana shape with your body.  Rock slowly up and down.  Repeat 20 times.','https://www.youtube.com/watch?v=Jh4-uLTL4v4',14,0,'2017-05-18 11:53:06');
INSERT INTO "daily_digest_exercise" VALUES(3,'Elbow Plank','Elbows on floor.  Feet wider than hips.  Back straight.  Hold for 60 secs.','https://youtu.be/SkmgmbDhzC8',13,0,'2017-04-30 11:52:40');
INSERT INTO "daily_digest_exercise" VALUES(4,'Back Rolls','Lay on your back and wrap your arms around your knees.  Roll up and back in long slow rolls.  Repeat 20 times.','https://www.youtube.com/watch?v=X_2QlJQOkyc',13,0,'2017-05-01 11:52:59');
INSERT INTO "daily_digest_exercise" VALUES(5,'Sit down / Get up','Sit on the floor.  Stand up without using your hands.  Sit back down without using your hands.  Repeat 10 times.','https://www.youtube.com/watch?v=mNguxqm3o2c',13,0,'2017-05-02 11:53:00');
INSERT INTO "daily_digest_exercise" VALUES(6,'Arm Circles','Do 20 big arm circles forward and 20 more backwards.','https://www.youtube.com/watch?v=Gred163j8U4',13,0,'2017-05-03 11:52:57');
INSERT INTO "daily_digest_exercise" VALUES(7,'Monkey Humpers','While grabbing your ankles, squat down then return to a front bend.  Repeat 20 times.','https://www.youtube.com/watch?v=tKE18uCQBI8',13,0,'2017-05-04 11:53:02');
INSERT INTO "daily_digest_exercise" VALUES(8,'Bear Crawl','Crawl on all fours like a bear with your head up and back parallel to the floor.  Continue for 40 steps.','https://www.youtube.com/watch?v=xqmDWtOtKnY',13,0,'2017-05-05 11:52:55');
INSERT INTO "daily_digest_exercise" VALUES(9,'Squat Hold','Hold a squat with your heels on the floor for 30 seconds.','https://www.youtube.com/watch?v=2IRnH8ygjXs',13,0,'2017-05-06 11:52:53');
INSERT INTO "daily_digest_exercise" VALUES(10,'Knee-to-Elbow Pushup','Take a pushup position.  Bring your left knee towards your right elbow.  Return your foot to starting position and do a pushup.  Switch sides and repeat 20 times.','https://www.youtube.com/watch?v=sLrWVrQGGYc',13,0,'2017-05-07 11:52:58');
INSERT INTO "daily_digest_exercise" VALUES(11,'Windmills','Stand up with arms straight out to your sides with your feet wider than your hips.  With arms straight, touch your right hand to your left foot.  Return to starting position and switch sides.  Do 40 repetitions.','https://www.youtube.com/watch?v=P70Va8OmL-M',13,0,'2017-05-08 11:53:05');
INSERT INTO "daily_digest_exercise" VALUES(12,'Hindu Squat','Stand with feet hip width apart and arms straight out in front of you.  Sweep your arms back and brush your fingertips on the floor as you bend from your knees.  Stand back up to the starting position and repeat 20 times.','https://www.youtube.com/watch?v=EBFclPUYaCg',13,0,'2017-05-09 11:53:03');
INSERT INTO "daily_digest_exercise" VALUES(13,'Rolling Spine','Stand up with arms straight up.  Rolling each vertebrae separately, bend over and touch your toes.  Hold briefly and roll back up to starting position.  Repeat 20 times.','https://www.youtube.com/watch?v=VpQ9SPwNPvY',13,0,'2017-05-10 11:53:01');
INSERT INTO "daily_digest_exercise" VALUES(14,'Superman','Lie face down on the floor.  Extend your arms forward and lift your elbows and knees up.  Hold briefly and then release.  Repeat 20 times.','https://www.youtube.com/watch?v=z6PJMT2y8GQ',13,0,'2017-05-11 11:53:01');
INSERT INTO "daily_digest_exercise" VALUES(15,'Burpees','From standing, squat down and put hands on the floor.  Kick back into a pushup position, do a pushup then return to the squat.  Jump up and repeat 20 times.','https://youtu.be/yVwlpYvNYHk?t=110',13,0,'2017-05-12 11:52:53');
INSERT INTO "daily_digest_exercise" VALUES(16,'Knee Circles','While standing, lift a knee above your waist then swing it outward to your side before returning it to the starting position.  Switch legs and repeat 20 times.','https://www.youtube.com/watch?v=4g6OE5lrCsU',13,0,'2017-05-13 11:52:56');
INSERT INTO "daily_digest_exercise" VALUES(17,'Duck Walk','Squat down.  Walk forward while keeping your butt low.  Continue for 40 steps.','https://youtu.be/14BjRxE7f1o?t=7',13,0,'2017-05-14 11:52:54');
INSERT INTO "daily_digest_exercise" VALUES(18,'Crab Walk','Sit down with hands behind you.  Push up with your hips and walk forward.  Continue for 40 steps.','https://youtu.be/14BjRxE7f1o?t=80',13,0,'2017-05-15 11:52:58');
INSERT INTO "daily_digest_exercise" VALUES(19,'Monkey Roll','Downward facing dog starting point.  In a pike position with straight arms, kick up and swing your straight legs to the right.  Reset and repeat to the left.  Do this 20 times.','https://youtu.be/14BjRxE7f1o?t=275',13,0,'2017-05-16 11:52:59');
DELETE FROM sqlite_sequence;
INSERT INTO "sqlite_sequence" VALUES('django_migrations',19);
INSERT INTO "sqlite_sequence" VALUES('django_admin_log',319);
INSERT INTO "sqlite_sequence" VALUES('django_content_type',9);
INSERT INTO "sqlite_sequence" VALUES('auth_permission',27);
INSERT INTO "sqlite_sequence" VALUES('auth_user',1);
INSERT INTO "sqlite_sequence" VALUES('daily_digest_quote_author',113);
INSERT INTO "sqlite_sequence" VALUES('daily_digest_quote',175);
INSERT INTO "sqlite_sequence" VALUES('daily_digest_exercise',19);
CREATE UNIQUE INDEX "auth_group_permissions_group_id_0cd325b0_uniq" ON "auth_group_permissions" ("group_id", "permission_id");
CREATE INDEX "auth_group_permissions_0e939a4f" ON "auth_group_permissions" ("group_id");
CREATE INDEX "auth_group_permissions_8373b171" ON "auth_group_permissions" ("permission_id");
CREATE UNIQUE INDEX "auth_user_groups_user_id_94350c0c_uniq" ON "auth_user_groups" ("user_id", "group_id");
CREATE INDEX "auth_user_groups_e8701ad4" ON "auth_user_groups" ("user_id");
CREATE INDEX "auth_user_groups_0e939a4f" ON "auth_user_groups" ("group_id");
CREATE UNIQUE INDEX "auth_user_user_permissions_user_id_14a6b632_uniq" ON "auth_user_user_permissions" ("user_id", "permission_id");
CREATE INDEX "auth_user_user_permissions_e8701ad4" ON "auth_user_user_permissions" ("user_id");
CREATE INDEX "auth_user_user_permissions_8373b171" ON "auth_user_user_permissions" ("permission_id");
CREATE INDEX "django_admin_log_417f1b1c" ON "django_admin_log" ("content_type_id");
CREATE INDEX "django_admin_log_e8701ad4" ON "django_admin_log" ("user_id");
CREATE UNIQUE INDEX "django_content_type_app_label_76bd3d3b_uniq" ON "django_content_type" ("app_label", "model");
CREATE UNIQUE INDEX "auth_permission_content_type_id_01ab375a_uniq" ON "auth_permission" ("content_type_id", "codename");
CREATE INDEX "auth_permission_417f1b1c" ON "auth_permission" ("content_type_id");
CREATE INDEX "django_session_de54fa62" ON "django_session" ("expire_date");
CREATE INDEX "daily_digest_quote_8cbdb8b5" ON "daily_digest_quote" ("quote_author_id_id");
COMMIT;
